-- phpMyAdmin SQL Dump
-- version 3.5.2.2
-- http://www.phpmyadmin.net
--
-- Počítač: 127.0.0.1
-- Vygenerováno: Úte 12. lis 2013, 01:54
-- Verze MySQL: 5.5.27
-- Verze PHP: 5.4.7

SET SQL_MODE="NO_AUTO_VALUE_ON_ZERO";
SET time_zone = "+00:00";


/*!40101 SET @OLD_CHARACTER_SET_CLIENT=@@CHARACTER_SET_CLIENT */;
/*!40101 SET @OLD_CHARACTER_SET_RESULTS=@@CHARACTER_SET_RESULTS */;
/*!40101 SET @OLD_COLLATION_CONNECTION=@@COLLATION_CONNECTION */;
/*!40101 SET NAMES utf8 */;

--
-- Databáze: `ghobok`
--

-- --------------------------------------------------------

--
-- Struktura tabulky `maps`
--

CREATE TABLE IF NOT EXISTS `maps` (
  `map_id` smallint(6) NOT NULL AUTO_INCREMENT,
  `map_name` varchar(50) NOT NULL,
  PRIMARY KEY (`map_id`)
) ENGINE=MyISAM  DEFAULT CHARSET=ascii AUTO_INCREMENT=2 ;

--
-- Vypisuji data pro tabulku `maps`
--

INSERT INTO `maps` (`map_id`, `map_name`) VALUES
(1, 'Map number 1');

-- --------------------------------------------------------

--
-- Struktura tabulky `map_objects`
--

CREATE TABLE IF NOT EXISTS `map_objects` (
  `map_object_id` int(11) NOT NULL AUTO_INCREMENT,
  `map_id` smallint(6) NOT NULL,
  `object_id` int(11) NOT NULL,
  `steps_up` smallint(6) NOT NULL,
  `steps_east` smallint(6) NOT NULL,
  `steps_south` smallint(6) NOT NULL,
  `position_x` int(11) NOT NULL DEFAULT '0',
  `position_y` int(11) NOT NULL DEFAULT '0',
  `position_z` int(11) NOT NULL DEFAULT '0',
  `rotation_x` float NOT NULL DEFAULT '0',
  `rotation_y` float NOT NULL DEFAULT '0',
  `rotation_z` float NOT NULL DEFAULT '0',
  `scale` float NOT NULL DEFAULT '1',
  PRIMARY KEY (`map_object_id`)
) ENGINE=MyISAM  DEFAULT CHARSET=ascii AUTO_INCREMENT=65 ;

--
-- Vypisuji data pro tabulku `map_objects`
--

INSERT INTO `map_objects` (`map_object_id`, `map_id`, `object_id`, `steps_up`, `steps_east`, `steps_south`, `position_x`, `position_y`, `position_z`, `rotation_x`, `rotation_y`, `rotation_z`, `scale`) VALUES
(1, 1, 1, 0, 0, 2, -270, 100, -130, -0.35, 0, 0, 1.5),
(2, 1, 1, 0, 0, 2, -270, 100, 130, 0.35, 3.1415, 0, 1.5),
(3, 1, 2, 0, -4, 3, 100, -160, 0, 0, 1.57, 0, 2),
(4, 1, 3, 0, -18, 1, 0, -150, 0, 0, 1.57, 0, 3),
(5, 1, 4, 0, -12, 1, 0, -150, 0, 0, 1.57, 0, 5),
(34, 1, 6, 0, -11, 7, 0, 0, 0, 0, 0, 0, 4),
(35, 1, 8, 0, -18, 6, 0, -250, 0, 0, 0, 0, 4),
(39, 1, 9, -2, 0, 17, 0, -158, 0, 0, 0, 0, 10),
(45, 1, 11, 6, 3, 3, 0, -300, 0, 0, 0, 0, 2),
(49, 1, 11, 6, -4, 3, 0, -15, 0, 0, 0, 0, 2),
(31, 1, 7, 0, -18, 6, 0, -300, 0, 0, 0, 0, 1),
(44, 1, 11, -2, 1, 17, 0, -180, 0, 0, 0, 0, 2),
(52, 1, 12, -2, -6, 16, 0, -213, 0, 0, 0, 0, 1),
(63, 1, 4, -1, -1, 19, 0, -150, -200, 0, 3.1415, 0, 4),
(41, 1, 10, -2, -2, 17, 0, -81, 0, 0, 0, 0, 1),
(33, 1, 7, 0, -14, 5, 0, 0, 0, 0, 0, 0, 1),
(32, 1, 7, 0, -12, 6, 0, -37, 0, 0, 0, 0, 1),
(62, 1, 13, -1, -9, 15, 0, 0, 0, 0, 0, 0, 1),
(60, 1, 13, -1, -7, 18, 0, 0, 0, 0, 0, 0, 1),
(61, 1, 13, -1, -10, 17, 0, 0, 0, 0, 0, 0, 1),
(55, 1, 12, -2, -6, 16, 0, -180, 0, 0, 0, 0, 1),
(64, 1, 4, -1, -7, 19, 0, -147, 0, 0, 3.1415, 0, 7),
(58, 1, 11, -2, -7, 15, 0, -300, 0, 0, 0, 0, 2),
(59, 1, 11, -2, -7, 15, 0, -103, 0, 0, 0, 0, 2);

-- --------------------------------------------------------

--
-- Struktura tabulky `materials`
--

CREATE TABLE IF NOT EXISTS `materials` (
  `material_id` smallint(6) NOT NULL AUTO_INCREMENT,
  `texture_image` varchar(50) NOT NULL,
  `material_category_id` smallint(6) DEFAULT '0',
  PRIMARY KEY (`material_id`)
) ENGINE=MyISAM  DEFAULT CHARSET=ascii AUTO_INCREMENT=19 ;

--
-- Vypisuji data pro tabulku `materials`
--

INSERT INTO `materials` (`material_id`, `texture_image`, `material_category_id`) VALUES
(1, 'wall-rock.png', 4),
(2, 'wall-rock2.jpg', 2),
(3, 'wall-brick.jpg', 5),
(4, 'wall-rock3.jpg', 2),
(5, 'floor-grass1.jpg', 1),
(6, 'wall-rock4.jpg', 0),
(7, 'floor-lava1.jpg', 6),
(8, 'floor-rock1.jpg', 4),
(9, 'wall-rock-cracks.jpg', 0),
(10, 'wall-mossyrock2.jpg', 2),
(11, 'hud_background.jpg', 0),
(12, 'floor-water.gif', 7),
(13, 'floor-sand1.jpg', 0),
(14, '13037687-blue-marble-texture-high-resolution_5.jpg', 2),
(18, 'seamless_tileab.jpg', 1),
(16, 'pebbles_texture.jpg', 4),
(17, 'Seamless long green grass ground texture.jpg', 1);

-- --------------------------------------------------------

--
-- Struktura tabulky `material_categories`
--

CREATE TABLE IF NOT EXISTS `material_categories` (
  `material_category_id` smallint(6) NOT NULL AUTO_INCREMENT,
  `category_name` varchar(200) NOT NULL,
  PRIMARY KEY (`material_category_id`)
) ENGINE=MyISAM  DEFAULT CHARSET=ascii AUTO_INCREMENT=8 ;

--
-- Vypisuji data pro tabulku `material_categories`
--

INSERT INTO `material_categories` (`material_category_id`, `category_name`) VALUES
(1, 'Floors - Grass'),
(2, 'Walls - Rock'),
(0, '_Unsorted'),
(4, 'Floor - Rock'),
(5, 'Walls - Brick'),
(6, 'Lava'),
(7, 'Water');

-- --------------------------------------------------------

--
-- Struktura tabulky `objects`
--

CREATE TABLE IF NOT EXISTS `objects` (
  `object_id` int(11) NOT NULL AUTO_INCREMENT,
  `object_type` tinyint(4) NOT NULL,
  `object_model` varchar(200) NOT NULL,
  `default_scale` float NOT NULL DEFAULT '1',
  `default_position_x` int(11) NOT NULL DEFAULT '0',
  `default_position_y` int(11) NOT NULL DEFAULT '0',
  `default_position_z` int(11) NOT NULL DEFAULT '0',
  `default_rotation_x` int(11) NOT NULL DEFAULT '0',
  `default_rotation_y` int(11) NOT NULL DEFAULT '0',
  `default_rotation_z` int(11) NOT NULL DEFAULT '0',
  `object_name` varchar(100) NOT NULL,
  `object_category_id` tinyint(4) NOT NULL,
  `material_id` smallint(6) NOT NULL,
  PRIMARY KEY (`object_id`)
) ENGINE=MyISAM  DEFAULT CHARSET=ascii AUTO_INCREMENT=14 ;

--
-- Vypisuji data pro tabulku `objects`
--

INSERT INTO `objects` (`object_id`, `object_type`, `object_model`, `default_scale`, `default_position_x`, `default_position_y`, `default_position_z`, `default_rotation_x`, `default_rotation_y`, `default_rotation_z`, `object_name`, `object_category_id`, `material_id`) VALUES
(1, 0, 'animals/horse.js', 1, 0, -300, 0, 0, 0, 0, 'Horse', 1, 1),
(2, 0, 'animals/bear.js', 1, 0, 0, 0, 0, 0, 0, 'Bear', 1, 14),
(3, 0, 'animals/spider.js', 3, 0, -300, 0, 0, 0, 0, 'Spider', 4, 0),
(4, 0, 'animals/mountainlion.js', 1, 0, -300, 0, 0, 0, 0, 'Lion', 1, 6),
(5, 0, 'weapons/machete.js', 1, 0, -250, 0, 0, 0, 0, 'Machete', 5, 1),
(6, 0, 'animals/ant2.js', 4, 0, 0, 0, 0, 0, 0, 'Ant', 4, 0),
(7, 0, 'trees/orange.js', 1, 0, -300, 0, 0, 0, 0, 'Orange', 3, 0),
(8, 0, 'animals/centipede.js', 4, 0, -250, 0, 0, 0, 0, 'Centipede', 4, 0),
(9, 0, 'animals/toad.js', 10, 0, -100, 0, 0, 0, 0, 'Toad', 4, 0),
(10, 0, 'animals/scorpion.js', 1, 0, -200, 0, 0, 0, 0, 'Scorpio', 4, 0),
(11, 0, 'trees/treeGeneric.js', 2, 0, -300, 0, 0, 0, 0, 'Tree', 3, 0),
(12, 0, 'grass/grass03.js', 1, 0, 0, 0, 0, 0, 0, 'Grass 03', 6, 0),
(13, 0, 'animals/flamingo.js', 1, 0, 0, 0, 0, 0, 0, 'Flamingo', 4, 0);

-- --------------------------------------------------------

--
-- Struktura tabulky `object_categories`
--

CREATE TABLE IF NOT EXISTS `object_categories` (
  `object_category_id` tinyint(4) NOT NULL AUTO_INCREMENT,
  `category_name` varchar(200) NOT NULL,
  PRIMARY KEY (`object_category_id`)
) ENGINE=MyISAM  DEFAULT CHARSET=ascii AUTO_INCREMENT=7 ;

--
-- Vypisuji data pro tabulku `object_categories`
--

INSERT INTO `object_categories` (`object_category_id`, `category_name`) VALUES
(1, 'Animal Statues'),
(2, 'Fires'),
(3, 'Trees'),
(4, 'Animals'),
(5, 'Weapons'),
(6, 'Grass');

-- --------------------------------------------------------

--
-- Struktura tabulky `tiles`
--

CREATE TABLE IF NOT EXISTS `tiles` (
  `tile_id` int(11) NOT NULL AUTO_INCREMENT,
  `map_id` smallint(6) NOT NULL,
  `steps_south` smallint(6) NOT NULL,
  `steps_east` smallint(6) NOT NULL,
  `steps_up` smallint(6) NOT NULL DEFAULT '0',
  `direction` tinyint(4) NOT NULL,
  `tile_type` tinyint(4) NOT NULL,
  `material_id` smallint(6) NOT NULL,
  PRIMARY KEY (`tile_id`),
  KEY `map_id` (`map_id`)
) ENGINE=MyISAM  DEFAULT CHARSET=ascii AUTO_INCREMENT=2299 ;

--
-- Vypisuji data pro tabulku `tiles`
--

INSERT INTO `tiles` (`tile_id`, `map_id`, `steps_south`, `steps_east`, `steps_up`, `direction`, `tile_type`, `material_id`) VALUES
(313, 1, 5, 4, 0, 0, 0, 1),
(284, 1, 0, -5, 0, 1, 0, 1),
(283, 1, 0, -4, 0, 1, 0, 1),
(206, 1, 0, -2, 0, 1, 1, 4),
(303, 1, 4, 0, 0, 2, 0, 1),
(398, 1, 5, -7, 0, 2, 0, 1),
(598, 1, 8, 5, 0, 0, 2, 4),
(8, 1, 3, 2, 0, 0, 0, 1),
(9, 1, 3, 1, 0, 0, 0, 1),
(255, 1, 0, 0, 0, 1, 0, 1),
(11, 1, 2, 4, 0, 0, 0, 1),
(12, 1, 2, 3, 0, 0, 0, 1),
(13, 1, 2, 2, 0, 0, 0, 1),
(14, 1, 2, 1, 0, 0, 0, 1),
(311, 1, 6, 2, 0, 3, 0, 1),
(16, 1, 1, 5, 0, 0, 0, 1),
(17, 1, 1, 4, 0, 0, 0, 1),
(18, 1, 1, 3, 0, 0, 0, 1),
(19, 1, 1, 2, 0, 0, 0, 1),
(20, 1, 1, 1, 0, 0, 0, 1),
(312, 1, 6, 4, 0, 3, 0, 1),
(341, 1, 6, 5, 0, 2, 2, 4),
(594, 1, 8, 1, 0, 0, 2, 4),
(282, 1, 0, -3, 0, 1, 0, 1),
(285, 1, 0, -6, 0, 1, 0, 1),
(290, 1, 0, 3, 0, 3, 1, 4),
(27, 1, 0, 1, 0, 0, 0, 1),
(207, 1, 0, -3, 0, 1, 1, 4),
(210, 1, 0, -6, 0, 1, 1, 4),
(220, 1, 0, -4, 0, 2, 2, 4),
(208, 1, 0, -4, 0, 1, 1, 4),
(168, 1, 6, 0, 0, 1, 2, 4),
(167, 1, 5, 0, 0, 1, 2, 4),
(256, 1, 1, 0, 0, 2, 0, 1),
(300, 1, 1, 0, 0, 2, 1, 4),
(1012, 1, 2, 2, 1, 2, 2, 4),
(294, 1, 3, 2, 0, 3, 1, 4),
(203, 1, 5, 0, 0, 2, 1, 4),
(165, 1, 3, 0, 0, 1, 2, 4),
(1019, 1, 2, 1, 1, 1, 2, 4),
(293, 1, 3, 1, 0, 3, 1, 4),
(288, 1, 1, 4, 0, 3, 1, 4),
(162, 1, 1, 0, 0, 1, 2, 4),
(289, 1, 0, 4, 0, 3, 1, 4),
(299, 1, 0, 0, 0, 2, 1, 4),
(259, 1, 3, 1, 0, 2, 2, 4),
(164, 1, 2, 0, 0, 1, 2, 4),
(166, 1, 4, 0, 0, 1, 2, 4),
(295, 1, 3, 3, 0, 3, 1, 4),
(281, 1, 0, -2, 0, 1, 0, 1),
(260, 1, 3, 2, 0, 2, 2, 4),
(1021, 1, 1, 1, 1, 0, 2, 4),
(286, 1, 3, 3, 0, 2, 0, 1),
(287, 1, 1, 5, 0, 3, 1, 4),
(291, 1, 0, 2, 0, 3, 1, 4),
(292, 1, 0, 1, 0, 3, 1, 4),
(226, 1, 0, -5, 0, 0, 2, 4),
(591, 1, 6, 0, 0, 2, 2, 4),
(592, 1, 6, 1, 0, 3, 1, 4),
(309, 1, 5, 3, 0, 0, 0, 1),
(308, 1, 6, 3, 0, 0, 0, 1),
(400, 1, 6, -6, 0, 3, 0, 1),
(469, 1, 5, -2, 0, 3, 2, 4),
(209, 1, 0, -5, 0, 1, 1, 4),
(222, 1, 0, -2, 0, 2, 2, 4),
(223, 1, 0, -2, 0, 0, 2, 4),
(205, 1, 0, -1, 0, 1, 1, 4),
(262, 1, 3, 3, 0, 3, 2, 4),
(245, 1, 4, 0, 0, 3, 2, 4),
(263, 1, 2, 4, 0, 2, 2, 4),
(243, 1, 0, -1, 0, 2, 2, 4),
(221, 1, 0, -3, 0, 2, 2, 4),
(204, 1, 6, 0, 0, 2, 1, 4),
(261, 1, 3, 3, 0, 2, 2, 4),
(244, 1, 0, -1, 0, 0, 2, 4),
(265, 1, 1, 5, 0, 2, 2, 4),
(267, 1, 1, 5, 0, 0, 2, 4),
(322, 1, 6, 4, 0, 2, 2, 4),
(590, 1, 6, 1, 0, 2, 2, 4),
(269, 1, 0, 4, 0, 0, 2, 4),
(270, 1, 0, 3, 0, 0, 2, 4),
(271, 1, 0, 2, 0, 0, 2, 4),
(272, 1, 0, 1, 0, 0, 2, 4),
(316, 1, 5, 2, 0, 1, 2, 4),
(339, 1, 6, 5, 0, 3, 0, 7),
(586, 1, 6, 1, 0, 2, 0, 1),
(217, 1, 0, -6, 0, 0, 2, 4),
(218, 1, 0, -6, 0, 2, 2, 4),
(1011, 1, 2, 3, 1, 2, 2, 4),
(1020, 1, 1, 1, 1, 1, 2, 4),
(279, 1, 2, 4, 0, 1, 1, 4),
(1010, 1, 2, 3, 1, 3, 2, 4),
(280, 1, 0, -1, 0, 1, 0, 1),
(320, 1, 5, 4, 0, 3, 2, 4),
(319, 1, 5, 4, 0, 0, 2, 4),
(329, 1, 5, 2, 0, 0, 1, 4),
(589, 1, 6, 2, 0, 2, 2, 4),
(333, 1, 6, 3, 0, 2, 1, 4),
(330, 1, 5, 3, 0, 3, 1, 4),
(332, 1, 6, 4, 0, 2, 1, 4),
(331, 1, 5, 4, 0, 3, 1, 4),
(595, 1, 8, 2, 0, 0, 2, 4),
(588, 1, 6, 3, 0, 2, 2, 4),
(342, 1, 6, 6, 0, 2, 2, 4),
(264, 1, 2, 4, 0, 3, 2, 4),
(343, 1, 6, 6, 0, 3, 2, 4),
(599, 1, 8, 6, 0, 0, 2, 4),
(252, 1, 0, 2, 0, 3, 0, 1),
(273, 1, 0, 0, 0, 0, 2, 4),
(274, 1, 3, 0, 0, 2, 1, 4),
(275, 1, 2, 0, 0, 2, 1, 4),
(302, 1, 5, 0, 0, 2, 0, 1),
(597, 1, 8, 4, 0, 0, 2, 4),
(268, 1, 0, 4, 0, 3, 2, 4),
(301, 1, 6, 0, 0, 2, 0, 1),
(317, 1, 5, 2, 0, 0, 2, 4),
(246, 1, 5, 0, 0, 3, 2, 4),
(253, 1, 0, 3, 0, 3, 0, 1),
(340, 1, 6, 6, 0, 3, 0, 7),
(587, 1, 6, 1, 0, 0, 2, 4),
(602, 1, 6, 8, 0, 1, 2, 4),
(202, 1, 4, 0, 0, 2, 1, 4),
(346, 1, 6, 5, 0, 3, 1, 4),
(344, 1, 6, 6, 0, 0, 2, 4),
(347, 1, 6, 6, 0, 3, 1, 4),
(345, 1, 6, 5, 0, 0, 2, 4),
(593, 1, 8, 0, 0, 0, 2, 4),
(266, 1, 1, 5, 0, 3, 2, 4),
(596, 1, 8, 3, 0, 0, 2, 4),
(318, 1, 5, 3, 0, 0, 2, 4),
(402, 1, 6, -4, 0, 3, 0, 1),
(470, 1, 6, -2, 0, 3, 2, 4),
(349, 1, 1, -7, 0, 0, 1, 4),
(350, 1, 2, -7, 0, 0, 1, 4),
(348, 1, 0, -7, 0, 3, 1, 4),
(336, 1, 6, 2, 0, 0, 1, 4),
(254, 1, 0, 4, 0, 3, 0, 1),
(258, 1, 3, 0, 0, 2, 0, 1),
(257, 1, 2, 0, 0, 2, 0, 1),
(224, 1, 0, -3, 0, 0, 2, 4),
(353, 1, 0, -7, 0, 0, 2, 4),
(219, 1, 0, -5, 0, 2, 2, 4),
(351, 1, 2, -7, 0, 3, 2, 4),
(355, 1, 1, -7, 0, 1, 2, 4),
(352, 1, 1, -7, 0, 3, 2, 4),
(354, 1, 0, -7, 0, 1, 2, 4),
(357, 1, 0, -7, 0, 0, 0, 1),
(401, 1, 6, -5, 0, 3, 0, 1),
(356, 1, 2, -7, 0, 1, 2, 4),
(359, 1, 2, -7, 0, 0, 0, 1),
(358, 1, 1, -7, 0, 0, 0, 1),
(600, 1, 8, 7, 0, 0, 2, 4),
(601, 1, 7, 8, 0, 1, 2, 4),
(310, 1, 5, 2, 0, 1, 0, 1),
(225, 1, 0, -4, 0, 0, 2, 4),
(406, 1, 4, -2, 0, 0, 0, 1),
(405, 1, 5, -2, 0, 0, 0, 1),
(404, 1, 6, -2, 0, 3, 0, 1),
(403, 1, 6, -3, 0, 3, 0, 1),
(471, 1, 6, -2, 0, 2, 2, 4),
(479, 1, 3, -8, 0, 1, 0, 16),
(473, 1, 5, -7, 0, 1, 2, 4),
(474, 1, 4, -7, 0, 1, 2, 4),
(397, 1, 4, -7, 0, 2, 0, 1),
(396, 1, 3, -7, 0, 2, 0, 1),
(399, 1, 6, -7, 0, 2, 0, 1),
(407, 1, 3, -2, 0, 0, 0, 1),
(408, 1, 2, -2, 0, 0, 0, 1),
(409, 1, 2, -3, 0, 1, 0, 1),
(410, 1, 2, -4, 0, 1, 0, 1),
(411, 1, 3, -3, 0, 1, 0, 1),
(1509, 1, 3, -4, 0, 3, 0, 14),
(413, 1, 3, -5, 0, 1, 0, 1),
(414, 1, 2, -5, 0, 0, 0, 1),
(1043, 1, 5, -9, 0, 3, 0, 18),
(416, 1, 4, -5, 0, 2, 0, 1),
(417, 1, 4, -4, 0, 3, 0, 1),
(418, 1, 4, -3, 0, 3, 0, 1),
(1504, 1, 3, -2, 0, 3, 2, 1),
(1497, 1, 4, -4, 0, 2, 2, 1),
(1496, 1, 4, -3, 0, 2, 2, 1),
(1508, 1, 4, -5, 0, 1, 2, 1),
(1506, 1, 2, -5, 0, 1, 2, 1),
(1507, 1, 3, -5, 0, 1, 2, 1),
(1500, 1, 2, -4, 0, 0, 2, 1),
(1499, 1, 2, -5, 0, 0, 2, 1),
(1498, 1, 4, -5, 0, 2, 2, 1),
(1501, 1, 2, -3, 0, 0, 2, 1),
(1502, 1, 2, -2, 0, 0, 2, 1),
(1503, 1, 2, -2, 0, 3, 2, 1),
(1505, 1, 4, -2, 0, 3, 2, 1),
(476, 1, 3, -7, 0, 3, 2, 4),
(477, 1, 4, -7, 0, 3, 2, 4),
(480, 1, 3, -9, 0, 1, 0, 16),
(478, 1, 5, -7, 0, 3, 2, 4),
(472, 1, 6, -3, 0, 2, 2, 4),
(437, 1, 3, -7, 0, 2, 1, 4),
(438, 1, 4, -7, 0, 2, 1, 4),
(439, 1, 5, -7, 0, 2, 1, 4),
(440, 1, 6, -7, 0, 2, 1, 4),
(441, 1, 6, -6, 0, 3, 1, 4),
(442, 1, 6, -5, 0, 3, 1, 4),
(443, 1, 6, -4, 0, 3, 1, 4),
(444, 1, 6, -3, 0, 3, 1, 4),
(445, 1, 6, -2, 0, 3, 1, 4),
(446, 1, 5, -2, 0, 0, 1, 4),
(447, 1, 4, -2, 0, 0, 1, 4),
(448, 1, 3, -2, 0, 0, 1, 4),
(449, 1, 2, -2, 0, 0, 1, 4),
(450, 1, 2, -3, 0, 1, 1, 4),
(451, 1, 2, -4, 0, 1, 1, 4),
(452, 1, 2, -5, 0, 1, 1, 4),
(453, 1, 3, -5, 0, 2, 1, 4),
(454, 1, 4, -5, 0, 2, 1, 4),
(455, 1, 4, -4, 0, 3, 1, 4),
(456, 1, 4, -3, 0, 3, 1, 4),
(457, 1, 3, -3, 0, 0, 1, 4),
(458, 1, 3, -4, 0, 2, 1, 4),
(459, 1, 6, -7, 0, 1, 2, 4),
(460, 1, 6, -7, 0, 2, 2, 4),
(461, 1, 6, -6, 0, 2, 2, 4),
(462, 1, 6, -5, 0, 2, 2, 4),
(463, 1, 6, -4, 0, 2, 2, 4),
(464, 1, 5, -2, 0, 1, 2, 4),
(465, 1, 6, -3, 0, 0, 2, 4),
(466, 1, 6, -4, 0, 0, 2, 4),
(467, 1, 6, -5, 0, 0, 2, 4),
(468, 1, 6, -6, 0, 0, 2, 4),
(481, 1, 3, -10, 0, 1, 0, 16),
(482, 1, 3, -11, 0, 1, 0, 16),
(483, 1, 3, -12, 0, 1, 0, 16),
(484, 1, 3, -13, 0, 1, 0, 16),
(485, 1, 3, -14, 0, 1, 0, 16),
(486, 1, 3, -15, 0, 1, 0, 16),
(487, 1, 3, -16, 0, 1, 0, 16),
(488, 1, 2, -9, 0, 1, 0, 16),
(489, 1, 2, -10, 0, 1, 0, 16),
(1511, 1, 2, -16, 1, 1, 2, 4),
(491, 1, 2, -12, 0, 1, 0, 16),
(492, 1, 2, -13, 0, 1, 0, 16),
(493, 1, 2, -14, 0, 1, 0, 16),
(494, 1, 2, -15, 0, 1, 0, 16),
(495, 1, 2, -16, 0, 1, 0, 16),
(496, 1, 1, -16, 0, 1, 0, 16),
(497, 1, 1, -15, 0, 1, 0, 16),
(498, 1, 1, -14, 0, 1, 0, 16),
(499, 1, 1, -13, 0, 1, 0, 16),
(500, 1, 1, -12, 0, 1, 0, 16),
(501, 1, 1, -11, 0, 1, 0, 16),
(502, 1, 1, -10, 0, 1, 0, 16),
(503, 1, 1, -9, 0, 1, 0, 16),
(519, 1, 0, -9, 0, 0, 2, 4),
(505, 1, 0, -9, 0, 1, 0, 16),
(506, 1, 0, -10, 0, 1, 0, 16),
(507, 1, 0, -11, 0, 1, 0, 16),
(508, 1, 0, -12, 0, 1, 0, 16),
(509, 1, 0, -13, 0, 1, 0, 16),
(510, 1, 0, -14, 0, 1, 0, 16),
(511, 1, 0, -15, 0, 1, 0, 16),
(512, 1, 0, -16, 0, 1, 0, 16),
(1018, 1, 2, 1, 1, 2, 2, 4),
(542, 1, 0, -11, 0, 0, 2, 4),
(541, 1, 0, -10, 0, 0, 2, 4),
(518, 1, 0, -9, 0, 3, 2, 4),
(520, 1, 1, -9, 0, 3, 2, 4),
(521, 1, 2, -9, 0, 3, 2, 4),
(522, 1, 3, -8, 0, 0, 2, 4),
(523, 1, 3, -8, 0, 2, 2, 4),
(524, 1, 3, -9, 0, 2, 2, 4),
(525, 1, 3, -10, 0, 2, 2, 4),
(526, 1, 3, -11, 0, 2, 2, 4),
(527, 1, 2, -9, 1, 3, 2, 4),
(528, 1, 1, -9, 1, 3, 2, 4),
(529, 1, 0, -9, 1, 3, 2, 4),
(530, 1, 0, -9, 1, 0, 2, 4),
(536, 1, 3, -11, 1, 2, 2, 4),
(537, 1, 3, -10, 1, 2, 2, 4),
(538, 1, 3, -9, 1, 2, 2, 4),
(1008, 1, 3, -9, 1, 3, 2, 4),
(1009, 1, 3, -8, 0, 3, 1, 4),
(543, 1, 0, -12, 0, 0, 2, 4),
(544, 1, 0, -13, 0, 0, 2, 4),
(545, 1, 0, -14, 0, 0, 2, 4),
(546, 1, 0, -15, 0, 0, 2, 4),
(547, 1, 0, -16, 0, 0, 2, 4),
(548, 1, 0, -16, 0, 1, 2, 4),
(1494, 1, 2, -21, -2, 3, 0, 18),
(1512, 1, 11, -17, -2, 3, 0, 18),
(551, 1, 3, -16, 0, 1, 2, 4),
(552, 1, 3, -16, 0, 2, 2, 4),
(553, 1, 3, -15, 0, 2, 2, 4),
(554, 1, 3, -14, 0, 2, 2, 4),
(555, 1, 3, -13, 0, 2, 2, 4),
(556, 1, 3, -12, 0, 2, 2, 4),
(557, 1, 3, -12, 1, 2, 2, 4),
(558, 1, 3, -13, 1, 2, 2, 4),
(559, 1, 3, -14, 1, 2, 2, 4),
(560, 1, 3, -15, 1, 2, 2, 4),
(561, 1, 3, -16, 1, 2, 2, 4),
(562, 1, 3, -16, 1, 1, 2, 4),
(1510, 1, 2, -11, 0, 3, 0, 16),
(564, 1, 1, -16, 1, 1, 2, 4),
(565, 1, 0, -16, 1, 1, 2, 4),
(566, 1, 0, -16, 1, 0, 2, 4),
(567, 1, 0, -15, 1, 0, 2, 4),
(568, 1, 0, -14, 1, 0, 2, 4),
(569, 1, 0, -13, 1, 0, 2, 4),
(570, 1, 0, -12, 1, 0, 2, 4),
(571, 1, 0, -11, 1, 0, 2, 4),
(572, 1, 0, -10, 1, 0, 2, 4),
(573, 1, 5, -9, 0, 3, 2, 4),
(574, 1, 5, -9, 0, 0, 2, 4),
(575, 1, 5, -10, 0, 0, 2, 4),
(576, 1, 6, -9, 0, 3, 2, 4),
(577, 1, 7, -9, 0, 3, 2, 4),
(578, 1, 8, -8, 0, 0, 2, 4),
(579, 1, 8, -7, 0, 0, 2, 4),
(580, 1, 8, -6, 0, 0, 2, 4),
(581, 1, 8, -5, 0, 0, 2, 4),
(582, 1, 8, -4, 0, 0, 2, 4),
(583, 1, 8, -3, 0, 0, 2, 4),
(584, 1, 8, -2, 0, 0, 2, 4),
(585, 1, 8, -1, 0, 0, 2, 4),
(603, 1, 5, 8, 0, 1, 2, 4),
(604, 1, 4, 8, 0, 1, 2, 4),
(605, 1, 3, 8, 0, 1, 2, 4),
(606, 1, 2, 8, 0, 1, 2, 4),
(607, 1, 1, 8, 0, 1, 2, 4),
(608, 1, 0, 8, 0, 1, 2, 4),
(609, 1, -1, 8, 0, 1, 2, 4),
(1037, 1, 5, -15, 0, 3, 0, 18),
(1038, 1, 5, -14, 0, 3, 0, 18),
(1039, 1, 5, -13, 0, 3, 0, 18),
(613, 1, -2, 7, 0, 2, 2, 4),
(614, 1, -2, 6, 0, 2, 2, 4),
(615, 1, -2, 5, 0, 2, 2, 4),
(616, 1, -2, 4, 0, 2, 2, 4),
(617, 1, -2, 3, 0, 2, 2, 4),
(618, 1, -2, 2, 0, 2, 2, 4),
(619, 1, -2, 1, 0, 2, 2, 4),
(620, 1, -2, 0, 0, 2, 2, 4),
(621, 1, -2, -1, 0, 2, 2, 4),
(622, 1, -2, -2, 0, 2, 2, 4),
(623, 1, -2, -3, 0, 2, 2, 4),
(624, 1, -2, -4, 0, 2, 2, 4),
(625, 1, -2, -5, 0, 2, 2, 4),
(626, 1, -2, -6, 0, 2, 2, 4),
(627, 1, -2, -7, 0, 2, 2, 4),
(1042, 1, 5, -10, 0, 3, 0, 18),
(629, 1, -2, -8, 0, 2, 2, 4),
(1041, 1, 5, -11, 0, 3, 0, 18),
(631, 1, -2, -8, 1, 2, 2, 4),
(632, 1, -2, -7, 1, 2, 2, 4),
(633, 1, -2, -6, 1, 2, 2, 4),
(634, 1, -2, -5, 1, 2, 2, 4),
(635, 1, -2, -4, 1, 2, 2, 4),
(636, 1, -2, -3, 1, 2, 2, 4),
(637, 1, -2, -2, 1, 2, 2, 4),
(638, 1, -2, -1, 1, 2, 2, 4),
(639, 1, -2, 0, 1, 2, 2, 4),
(640, 1, -2, 1, 1, 2, 2, 4),
(641, 1, -2, 2, 1, 2, 2, 4),
(642, 1, -2, 3, 1, 2, 2, 4),
(643, 1, -2, 4, 1, 2, 2, 4),
(644, 1, -2, 5, 1, 2, 2, 4),
(645, 1, -2, 6, 1, 2, 2, 4),
(646, 1, -2, 7, 1, 2, 2, 4),
(647, 1, -1, 8, 1, 1, 2, 4),
(648, 1, 0, 8, 1, 1, 2, 4),
(649, 1, 1, 8, 1, 1, 2, 4),
(650, 1, 2, 8, 1, 1, 2, 4),
(651, 1, 3, 8, 1, 1, 2, 4),
(652, 1, 4, 8, 1, 1, 2, 4),
(653, 1, 5, 8, 1, 1, 2, 4),
(654, 1, 6, 8, 1, 1, 2, 4),
(655, 1, 7, 8, 1, 1, 2, 4),
(656, 1, 8, 7, 1, 0, 2, 4),
(657, 1, 8, 6, 1, 0, 2, 4),
(658, 1, 8, 5, 1, 0, 2, 4),
(659, 1, 8, 4, 1, 0, 2, 4),
(660, 1, 8, 3, 1, 0, 2, 4),
(661, 1, 8, 2, 1, 0, 2, 4),
(662, 1, 8, 1, 1, 0, 2, 4),
(663, 1, 8, 0, 1, 0, 2, 4),
(664, 1, 8, -1, 1, 0, 2, 4),
(665, 1, 8, -2, 1, 0, 2, 4),
(666, 1, 8, -3, 1, 0, 2, 4),
(667, 1, 8, -4, 1, 0, 2, 4),
(668, 1, 8, -5, 1, 0, 2, 4),
(669, 1, 8, -6, 1, 0, 2, 4),
(670, 1, 8, -7, 1, 0, 2, 4),
(671, 1, 8, -8, 1, 0, 2, 4),
(672, 1, 7, -9, 1, 3, 2, 4),
(673, 1, 6, -9, 1, 3, 2, 4),
(674, 1, 5, -9, 1, 3, 2, 4),
(675, 1, 5, -9, 1, 0, 2, 4),
(676, 1, 5, -10, 1, 0, 2, 4),
(677, 1, 5, 7, 2, 1, 2, 4),
(678, 1, 4, 7, 2, 1, 2, 4),
(679, 1, 3, 7, 2, 1, 2, 4),
(680, 1, 2, 7, 2, 1, 2, 4),
(681, 1, 1, 7, 2, 1, 2, 4),
(682, 1, 0, 7, 2, 1, 2, 4),
(683, 1, -1, 6, 2, 2, 2, 4),
(684, 1, -1, 5, 2, 2, 2, 4),
(685, 1, -1, 4, 2, 2, 2, 4),
(686, 1, -1, 3, 2, 2, 2, 4),
(687, 1, -1, 2, 2, 2, 2, 4),
(688, 1, -1, 1, 2, 2, 2, 4),
(689, 1, -1, 0, 2, 2, 2, 4),
(690, 1, -1, -1, 2, 2, 2, 4),
(691, 1, -1, -2, 2, 2, 2, 4),
(692, 1, -1, -3, 2, 2, 2, 4),
(693, 1, -1, -4, 2, 2, 2, 4),
(694, 1, -1, -5, 2, 2, 2, 4),
(695, 1, -1, -6, 2, 2, 2, 4),
(696, 1, -1, -7, 2, 2, 2, 4),
(697, 1, 0, -8, 2, 3, 2, 4),
(698, 1, 1, -8, 2, 3, 2, 4),
(699, 1, 2, -8, 2, 3, 2, 4),
(700, 1, 3, -8, 2, 3, 2, 4),
(701, 1, 4, -8, 2, 3, 2, 4),
(702, 1, 5, -8, 2, 3, 2, 4),
(703, 1, 6, -8, 2, 3, 2, 4),
(704, 1, 7, -7, 2, 0, 2, 4),
(705, 1, 7, -6, 2, 0, 2, 4),
(706, 1, 7, -5, 2, 0, 2, 4),
(707, 1, 7, -4, 2, 0, 2, 4),
(708, 1, 7, -3, 2, 0, 2, 4),
(709, 1, 7, -2, 2, 0, 2, 4),
(710, 1, 7, -1, 2, 0, 2, 4),
(711, 1, 7, 0, 2, 0, 2, 4),
(712, 1, 7, 1, 2, 0, 2, 4),
(713, 1, 7, 2, 2, 0, 2, 4),
(714, 1, 7, 3, 2, 0, 2, 4),
(715, 1, 7, 4, 2, 0, 2, 4),
(716, 1, 7, 5, 2, 0, 2, 4),
(717, 1, 7, 6, 2, 0, 2, 4),
(718, 1, 6, 7, 2, 1, 2, 4),
(719, 1, 5, 6, 3, 1, 2, 4),
(720, 1, 4, 6, 3, 1, 2, 4),
(721, 1, 3, 6, 3, 1, 2, 4),
(722, 1, 2, 6, 3, 1, 2, 4),
(723, 1, 1, 6, 3, 1, 2, 4),
(724, 1, 0, 5, 3, 2, 2, 4),
(725, 1, 0, 4, 3, 2, 2, 4),
(726, 1, 0, 3, 3, 2, 2, 4),
(727, 1, 0, 2, 3, 2, 2, 4),
(728, 1, 0, 1, 3, 2, 2, 4),
(729, 1, 0, 0, 3, 2, 2, 4),
(730, 1, 0, -1, 3, 2, 2, 4),
(731, 1, 0, -2, 3, 2, 2, 4),
(732, 1, 0, -3, 3, 2, 2, 4),
(733, 1, 0, -4, 3, 2, 2, 4),
(734, 1, 0, -5, 3, 2, 2, 4),
(735, 1, 0, -6, 3, 2, 2, 4),
(736, 1, 1, -7, 3, 3, 2, 4),
(737, 1, 2, -7, 3, 3, 2, 4),
(738, 1, 3, -7, 3, 3, 2, 4),
(896, 1, 7, -8, 2, 3, 0, 5),
(740, 1, 4, -7, 3, 3, 2, 4),
(741, 1, 5, -7, 3, 3, 2, 4),
(742, 1, 6, -6, 3, 0, 2, 4),
(743, 1, 6, -5, 3, 0, 2, 4),
(744, 1, 6, -4, 3, 0, 2, 4),
(745, 1, 6, -3, 3, 0, 2, 4),
(746, 1, 6, -2, 3, 0, 2, 4),
(747, 1, 6, -1, 3, 0, 2, 4),
(748, 1, 6, 0, 3, 0, 2, 4),
(749, 1, 6, 1, 3, 0, 2, 4),
(750, 1, 6, 2, 3, 0, 2, 4),
(751, 1, 6, 3, 3, 0, 2, 4),
(752, 1, 6, 4, 3, 0, 2, 4),
(753, 1, 6, 5, 3, 0, 2, 4),
(754, 1, 4, 5, 4, 1, 2, 4),
(755, 1, 3, 5, 4, 1, 2, 4),
(756, 1, 2, 5, 4, 1, 2, 4),
(757, 1, 1, 4, 4, 2, 2, 4),
(758, 1, 1, 3, 4, 2, 2, 4),
(759, 1, 1, 2, 4, 2, 2, 4),
(760, 1, 1, 1, 4, 2, 2, 4),
(761, 1, 1, 0, 4, 2, 2, 4),
(762, 1, 1, -1, 4, 2, 2, 4),
(763, 1, 1, -2, 4, 2, 2, 4),
(764, 1, 1, -3, 4, 2, 2, 4),
(765, 1, 1, -4, 4, 2, 2, 4),
(766, 1, 1, -5, 4, 2, 2, 4),
(767, 1, 2, -6, 4, 3, 2, 4),
(768, 1, 3, -6, 4, 3, 2, 4),
(769, 1, 4, -6, 4, 3, 2, 4),
(770, 1, 5, -5, 4, 0, 2, 4),
(771, 1, 5, -4, 4, 0, 2, 4),
(772, 1, 5, -3, 4, 0, 2, 4),
(773, 1, 5, -2, 4, 0, 2, 4),
(774, 1, 5, -1, 4, 0, 2, 4),
(775, 1, 5, 0, 4, 0, 2, 4),
(776, 1, 5, 1, 4, 0, 2, 4),
(777, 1, 5, 2, 4, 0, 2, 4),
(778, 1, 5, 3, 4, 0, 2, 4),
(779, 1, 5, 4, 4, 0, 2, 4),
(780, 1, 3, -5, 5, 3, 2, 4),
(781, 1, 2, -4, 5, 2, 2, 4),
(782, 1, 2, -3, 5, 2, 2, 4),
(783, 1, 2, -2, 5, 2, 2, 4),
(784, 1, 2, -1, 5, 2, 2, 4),
(785, 1, 2, 0, 5, 2, 2, 4),
(786, 1, 2, 1, 5, 2, 2, 4),
(787, 1, 2, 2, 5, 2, 2, 4),
(788, 1, 2, 3, 5, 2, 2, 4),
(789, 1, 3, 4, 5, 1, 2, 4),
(790, 1, 4, 3, 5, 0, 2, 4),
(791, 1, 4, 2, 5, 0, 2, 4),
(792, 1, 4, 1, 5, 0, 2, 4),
(793, 1, 4, 0, 5, 0, 2, 4),
(794, 1, 4, -1, 5, 0, 2, 4),
(795, 1, 4, -2, 5, 0, 2, 4),
(796, 1, 4, -3, 5, 0, 2, 4),
(797, 1, 4, -4, 5, 0, 2, 4),
(798, 1, 3, -4, 6, 3, 0, 13),
(799, 1, 3, -3, 6, 3, 0, 13),
(800, 1, 3, -2, 6, 3, 0, 13),
(801, 1, 3, -1, 6, 3, 0, 13),
(802, 1, 3, 0, 6, 3, 0, 13),
(803, 1, 3, 1, 6, 3, 0, 13),
(804, 1, 3, 2, 6, 3, 0, 13),
(805, 1, 3, 3, 6, 3, 0, 13),
(806, 1, 3, 4, 5, 1, 0, 13),
(807, 1, 4, 4, 5, 1, 0, 13),
(808, 1, 4, 3, 5, 1, 0, 13),
(809, 1, 4, 2, 5, 1, 0, 13),
(810, 1, 4, 1, 5, 1, 0, 13),
(811, 1, 4, 0, 5, 1, 0, 13),
(812, 1, 4, -1, 5, 1, 0, 13),
(813, 1, 4, -2, 5, 1, 0, 13),
(814, 1, 4, -3, 5, 1, 0, 13),
(815, 1, 4, -4, 5, 1, 0, 13),
(816, 1, 4, -5, 5, 1, 0, 13),
(817, 1, 3, -5, 5, 1, 0, 13),
(818, 1, 2, -5, 5, 1, 0, 13),
(819, 1, 2, -4, 5, 1, 0, 13),
(820, 1, 2, -3, 5, 1, 0, 13),
(821, 1, 2, -2, 5, 1, 0, 13),
(822, 1, 2, -1, 5, 1, 0, 13),
(823, 1, 2, 0, 5, 1, 0, 13),
(824, 1, 2, 1, 5, 1, 0, 13),
(825, 1, 2, 2, 5, 1, 0, 13),
(826, 1, 2, 3, 5, 1, 0, 13),
(827, 1, 2, 4, 5, 1, 0, 13),
(828, 1, 2, 5, 4, 1, 0, 5),
(829, 1, 1, 5, 4, 1, 0, 5),
(830, 1, 1, 4, 4, 1, 0, 5),
(831, 1, 1, 3, 4, 1, 0, 5),
(832, 1, 1, 2, 4, 1, 0, 5),
(833, 1, 1, 1, 4, 1, 0, 5),
(834, 1, 1, 0, 4, 1, 0, 5),
(835, 1, 1, -1, 4, 1, 0, 5),
(836, 1, 1, -2, 4, 1, 0, 5),
(837, 1, 1, -3, 4, 1, 0, 5),
(838, 1, 1, -4, 4, 1, 0, 5),
(839, 1, 1, -5, 4, 1, 0, 5),
(840, 1, 1, -6, 4, 1, 0, 5),
(841, 1, 2, -6, 4, 1, 0, 5),
(842, 1, 3, -6, 4, 1, 0, 5),
(843, 1, 4, -6, 4, 1, 0, 5),
(844, 1, 5, -6, 4, 1, 0, 5),
(845, 1, 5, -5, 4, 1, 0, 5),
(846, 1, 5, -4, 4, 1, 0, 5),
(847, 1, 5, -3, 4, 1, 0, 5),
(848, 1, 5, -2, 4, 1, 0, 5),
(849, 1, 5, -1, 4, 1, 0, 5),
(850, 1, 5, 0, 4, 1, 0, 5),
(851, 1, 5, 1, 4, 1, 0, 5),
(852, 1, 5, 2, 4, 1, 0, 5),
(853, 1, 5, 3, 4, 1, 0, 5),
(854, 1, 5, 4, 4, 1, 0, 5),
(855, 1, 5, 5, 4, 1, 0, 5),
(856, 1, 4, 5, 4, 1, 0, 5),
(857, 1, 3, 5, 4, 1, 0, 5),
(858, 1, 6, -7, 3, 1, 0, 5),
(859, 1, 5, -7, 3, 1, 0, 5),
(860, 1, 4, -7, 3, 1, 0, 5),
(861, 1, 3, -7, 3, 1, 0, 5),
(862, 1, 2, -7, 3, 1, 0, 5),
(863, 1, 1, -7, 3, 1, 0, 5),
(864, 1, 0, -7, 3, 1, 0, 5),
(865, 1, 0, -6, 3, 1, 0, 5),
(866, 1, 0, -5, 3, 1, 0, 5),
(867, 1, 0, -4, 3, 1, 0, 5),
(868, 1, 0, -3, 3, 1, 0, 5),
(869, 1, 0, -2, 3, 1, 0, 5),
(870, 1, 0, -1, 3, 1, 0, 5),
(871, 1, 0, 0, 3, 1, 0, 5),
(872, 1, 0, 1, 3, 1, 0, 5),
(873, 1, 0, 2, 3, 1, 0, 5),
(874, 1, 0, 3, 3, 1, 0, 5),
(875, 1, 0, 4, 3, 1, 0, 5),
(876, 1, 0, 5, 3, 1, 0, 5),
(877, 1, 0, 6, 3, 1, 0, 5),
(878, 1, 1, 6, 3, 1, 0, 5),
(879, 1, 2, 6, 3, 1, 0, 5),
(880, 1, 3, 6, 3, 1, 0, 5),
(881, 1, 4, 6, 3, 1, 0, 5),
(882, 1, 5, 6, 3, 1, 0, 5),
(883, 1, 6, 6, 3, 1, 0, 5),
(884, 1, 6, 5, 3, 1, 0, 5),
(885, 1, 6, 4, 3, 1, 0, 5),
(886, 1, 6, 3, 3, 1, 0, 5),
(887, 1, 6, 2, 3, 1, 0, 5),
(888, 1, 6, 1, 3, 1, 0, 5),
(889, 1, 6, 0, 3, 1, 0, 5),
(890, 1, 6, -1, 3, 1, 0, 5),
(891, 1, 6, -2, 3, 1, 0, 5),
(892, 1, 6, -3, 3, 1, 0, 5),
(893, 1, 6, -4, 3, 1, 0, 5),
(894, 1, 6, -5, 3, 1, 0, 5),
(895, 1, 6, -6, 3, 1, 0, 5),
(897, 1, 6, -8, 2, 3, 0, 5),
(898, 1, 5, -8, 2, 3, 0, 5),
(899, 1, 4, -8, 2, 3, 0, 5),
(900, 1, 3, -8, 2, 3, 0, 5),
(901, 1, 2, -8, 2, 3, 0, 5),
(902, 1, 1, -8, 2, 3, 0, 5),
(903, 1, 0, -8, 2, 3, 0, 5),
(904, 1, -1, -8, 2, 3, 0, 5),
(905, 1, -1, -7, 2, 3, 0, 5),
(906, 1, -1, -6, 2, 3, 0, 5),
(907, 1, -1, -5, 2, 3, 0, 5),
(908, 1, -1, -4, 2, 3, 0, 5),
(909, 1, -1, -3, 2, 3, 0, 5),
(910, 1, -1, -2, 2, 3, 0, 5),
(911, 1, -1, -1, 2, 3, 0, 5),
(912, 1, -1, 0, 2, 3, 0, 5),
(913, 1, -1, 1, 2, 3, 0, 5),
(914, 1, -1, 2, 2, 3, 0, 5),
(915, 1, -1, 3, 2, 3, 0, 5),
(916, 1, -1, 4, 2, 3, 0, 5),
(917, 1, -1, 5, 2, 3, 0, 5),
(918, 1, -1, 6, 2, 3, 0, 5),
(919, 1, -1, 7, 2, 3, 0, 5),
(920, 1, 0, 7, 2, 3, 0, 5),
(921, 1, 1, 7, 2, 3, 0, 5),
(922, 1, 2, 7, 2, 3, 0, 5),
(923, 1, 3, 7, 2, 3, 0, 5),
(924, 1, 4, 7, 2, 3, 0, 5),
(925, 1, 5, 7, 2, 3, 0, 5),
(926, 1, 6, 7, 2, 3, 0, 5),
(927, 1, 7, 7, 2, 3, 0, 5),
(928, 1, 7, 6, 2, 3, 0, 5),
(929, 1, 7, 5, 2, 3, 0, 5),
(930, 1, 7, 4, 2, 3, 0, 5),
(931, 1, 7, 3, 2, 3, 0, 5),
(932, 1, 7, 2, 2, 3, 0, 5),
(933, 1, 7, 1, 2, 3, 0, 5),
(934, 1, 7, 0, 2, 3, 0, 5),
(935, 1, 7, -1, 2, 3, 0, 5),
(936, 1, 7, -2, 2, 3, 0, 5),
(937, 1, 7, -3, 2, 3, 0, 5),
(938, 1, 7, -4, 2, 3, 0, 5),
(939, 1, 7, -5, 2, 3, 0, 5),
(940, 1, 7, -6, 2, 3, 0, 5),
(941, 1, 7, -7, 2, 3, 0, 5),
(942, 1, -1, -9, 2, 1, 0, 5),
(943, 1, -1, -10, 2, 1, 0, 5),
(944, 1, -1, -11, 2, 1, 0, 5),
(945, 1, -1, -12, 2, 1, 0, 5),
(946, 1, -1, -13, 2, 1, 0, 5),
(947, 1, -1, -14, 2, 1, 0, 5),
(948, 1, -1, -15, 2, 1, 0, 5),
(949, 1, -1, -16, 2, 1, 0, 5),
(950, 1, -1, -17, 2, 1, 0, 5),
(951, 1, 0, -17, 2, 2, 0, 5),
(952, 1, 1, -17, 2, 2, 0, 5),
(953, 1, 2, -17, 2, 2, 0, 5),
(954, 1, 3, -17, 2, 2, 0, 5),
(955, 1, 4, -17, 2, 2, 0, 5),
(956, 1, 4, -16, 2, 3, 0, 5),
(957, 1, 4, -15, 2, 3, 0, 5),
(958, 1, 4, -14, 2, 3, 0, 5),
(959, 1, 4, -13, 2, 3, 0, 5),
(960, 1, 4, -12, 2, 3, 0, 5),
(961, 1, 4, -11, 2, 3, 0, 5),
(962, 1, 4, -10, 2, 3, 0, 5),
(963, 1, 4, -9, 2, 3, 0, 5),
(964, 1, 5, -11, 1, 0, 2, 4),
(965, 1, 5, -12, 1, 0, 2, 4),
(966, 1, 5, -13, 1, 0, 2, 4),
(967, 1, 5, -14, 1, 0, 2, 4),
(968, 1, 5, -15, 1, 0, 2, 4),
(969, 1, 5, -16, 1, 0, 2, 4),
(970, 1, 5, -17, 1, 0, 2, 4),
(971, 1, 4, -18, 1, 3, 2, 4),
(972, 1, 3, -18, 1, 3, 2, 4),
(973, 1, 2, -18, 1, 3, 2, 4),
(974, 1, 1, -18, 1, 3, 2, 4),
(975, 1, 0, -18, 1, 3, 2, 4),
(976, 1, -1, -18, 1, 3, 2, 4),
(977, 1, -2, -17, 1, 2, 2, 4),
(978, 1, -2, -16, 1, 2, 2, 4),
(979, 1, -2, -15, 1, 2, 2, 4),
(980, 1, -2, -14, 1, 2, 2, 4),
(981, 1, -2, -13, 1, 2, 2, 4),
(982, 1, -2, -12, 1, 2, 2, 4),
(983, 1, -2, -11, 1, 2, 2, 4),
(984, 1, -2, -10, 1, 2, 2, 4),
(985, 1, -2, -9, 1, 2, 2, 4),
(986, 1, -2, -9, 0, 2, 2, 4),
(987, 1, -2, -10, 0, 2, 2, 4),
(988, 1, -2, -11, 0, 2, 2, 4),
(989, 1, -2, -12, 0, 2, 2, 4),
(990, 1, -2, -13, 0, 2, 2, 4),
(991, 1, -2, -14, 0, 2, 2, 4),
(992, 1, -2, -15, 0, 2, 2, 4),
(993, 1, -2, -16, 0, 2, 2, 4),
(994, 1, -2, -17, 0, 2, 2, 4),
(995, 1, -1, -18, 0, 3, 2, 4),
(996, 1, 0, -18, 0, 3, 2, 4),
(1491, 1, 1, -17, 0, 0, 2, 4),
(1220, 1, 2, -17, 0, 2, 2, 4),
(999, 1, 3, -18, 0, 3, 2, 4),
(1000, 1, 4, -18, 0, 3, 2, 4),
(1001, 1, 5, -17, 0, 0, 2, 4),
(1002, 1, 5, -16, 0, 0, 2, 4),
(1003, 1, 5, -15, 0, 0, 2, 4),
(1004, 1, 5, -14, 0, 0, 2, 4),
(1005, 1, 5, -13, 0, 0, 2, 4),
(1006, 1, 5, -12, 0, 0, 2, 4),
(1007, 1, 5, -11, 0, 0, 2, 4),
(1015, 1, 1, 2, 1, 0, 2, 4),
(1016, 1, 1, 3, 1, 0, 2, 4),
(1017, 1, 1, 3, 1, 3, 2, 4),
(1022, 1, 2, 3, 2, 2, 2, 4),
(1023, 1, 2, 3, 2, 3, 2, 4),
(1024, 1, 2, 3, 2, 0, 2, 4),
(1025, 1, 2, 2, 2, 0, 2, 4),
(1026, 1, 2, 1, 2, 0, 2, 4),
(1027, 1, 2, 1, 2, 1, 2, 4),
(1028, 1, 2, 1, 2, 2, 2, 4),
(1029, 1, 2, 2, 2, 2, 2, 4),
(1040, 1, 5, -12, 0, 3, 0, 18),
(1031, 1, 2, 1, 2, 3, 1, 4),
(1032, 1, 2, 2, 2, 3, 1, 4),
(1033, 1, 2, 3, 2, 3, 1, 4),
(1034, 1, 1, 1, 1, 1, 1, 4),
(1035, 1, 1, 2, 1, 1, 1, 4),
(1036, 1, 1, 3, 1, 1, 1, 4),
(1044, 1, 6, -9, 0, 3, 0, 18),
(1045, 1, 6, -10, 0, 3, 0, 18),
(1046, 1, 6, -11, 0, 3, 0, 18),
(1047, 1, 6, -12, 0, 3, 0, 18),
(1048, 1, 6, -13, 0, 3, 0, 18),
(1049, 1, 6, -14, 0, 3, 0, 18),
(1050, 1, 6, -15, 0, 3, 0, 18),
(1051, 1, 7, -15, 0, 3, 0, 18),
(1052, 1, 7, -14, 0, 3, 0, 18),
(1053, 1, 7, -13, 0, 3, 0, 18),
(1054, 1, 7, -12, 0, 3, 0, 18),
(1055, 1, 7, -11, 0, 3, 0, 18),
(1056, 1, 7, -10, 0, 3, 0, 18),
(1057, 1, 7, -9, 0, 3, 0, 18),
(1058, 1, 8, -9, 0, 3, 0, 18),
(1059, 1, 8, -10, 0, 3, 0, 18),
(1060, 1, 8, -11, 0, 3, 0, 18),
(1061, 1, 8, -12, 0, 3, 0, 18),
(1062, 1, 8, -13, 0, 3, 0, 18),
(1063, 1, 8, -14, 0, 3, 0, 18),
(1064, 1, 8, -15, 0, 3, 0, 18),
(1065, 1, 8, -8, 0, 3, 0, 18),
(1066, 1, 8, -7, 0, 3, 0, 18),
(1067, 1, 8, -6, 0, 3, 0, 18),
(1068, 1, 8, -5, 0, 3, 0, 18),
(1069, 1, 8, -4, 0, 3, 0, 18),
(1070, 1, 8, -3, 0, 3, 0, 18),
(1071, 1, 8, -2, 0, 3, 0, 18),
(1072, 1, 8, -1, 0, 3, 0, 18),
(1073, 1, 8, 0, 0, 3, 0, 18),
(1074, 1, 8, 1, 0, 3, 0, 18),
(1075, 1, 8, 2, 0, 3, 0, 18),
(1076, 1, 8, 3, 0, 3, 0, 18),
(1077, 1, 8, 4, 0, 3, 0, 18),
(1078, 1, 8, 5, 0, 3, 0, 18),
(1079, 1, 8, 6, 0, 3, 0, 18),
(1080, 1, 8, 7, 0, 3, 0, 18),
(1081, 1, 8, 8, 0, 3, 0, 18),
(1082, 1, 7, 8, 0, 3, 0, 18),
(1083, 1, 6, 8, 0, 3, 0, 18),
(1084, 1, 5, 8, 0, 3, 0, 18),
(1085, 1, 4, 8, 0, 3, 0, 18),
(1086, 1, 3, 8, 0, 3, 0, 18),
(1087, 1, 2, 8, 0, 3, 0, 18),
(1088, 1, 1, 8, 0, 3, 0, 18),
(1089, 1, 0, 8, 0, 3, 0, 18),
(1090, 1, -1, 8, 0, 3, 0, 18),
(1091, 1, -2, 8, 0, 3, 0, 18),
(1092, 1, -3, 8, 0, 3, 0, 18),
(1093, 1, -4, 8, 0, 3, 0, 18),
(1094, 1, -2, 7, 0, 3, 0, 18),
(1095, 1, -2, 6, 0, 3, 0, 18),
(1096, 1, -2, 5, 0, 3, 0, 18),
(1097, 1, -2, 4, 0, 3, 0, 18),
(1098, 1, -2, 3, 0, 3, 0, 18),
(1099, 1, -2, 2, 0, 3, 0, 18),
(1100, 1, -2, 1, 0, 3, 0, 18),
(1101, 1, -2, 0, 0, 3, 0, 18),
(1102, 1, -2, -1, 0, 3, 0, 18),
(1103, 1, -2, -2, 0, 3, 0, 18),
(1104, 1, -2, -3, 0, 3, 0, 18),
(1105, 1, -2, -4, 0, 3, 0, 18),
(1106, 1, -2, -5, 0, 3, 0, 18),
(1107, 1, -2, -6, 0, 3, 0, 18),
(1108, 1, -2, -7, 0, 3, 0, 18),
(1109, 1, -2, -8, 0, 3, 0, 18),
(1110, 1, -2, -9, 0, 3, 0, 18),
(1111, 1, -2, -10, 0, 3, 0, 18),
(1112, 1, -2, -11, 0, 3, 0, 18),
(1113, 1, -2, -12, 0, 3, 0, 18),
(1114, 1, -2, -13, 0, 3, 0, 18),
(1115, 1, -2, -14, 0, 3, 0, 18),
(1116, 1, -2, -15, 0, 3, 0, 18),
(1117, 1, -2, -16, 0, 3, 0, 18),
(1118, 1, -2, -17, 0, 3, 0, 18),
(1119, 1, -2, -18, 0, 3, 0, 18),
(1120, 1, -1, -18, 0, 3, 0, 18),
(1121, 1, 0, -18, 0, 3, 0, 18),
(1122, 1, 1, -18, 0, 3, 0, 18),
(1123, 1, 2, -18, 0, 3, 0, 18),
(1124, 1, 3, -18, 0, 3, 0, 18),
(1125, 1, 4, -18, 0, 3, 0, 18),
(1126, 1, 5, -18, 0, 3, 0, 18),
(1127, 1, 5, -17, 0, 3, 0, 18),
(1128, 1, 5, -16, 0, 3, 0, 18),
(1129, 1, 6, -16, 0, 3, 0, 18),
(1130, 1, 6, -17, 0, 3, 0, 18),
(1131, 1, 6, -18, 0, 3, 0, 18),
(1132, 1, -3, -18, -1, 2, 2, 2),
(1133, 1, -3, -17, -1, 2, 2, 2),
(1134, 1, -3, -16, -1, 2, 2, 2),
(1135, 1, -3, -15, -1, 2, 2, 2),
(1136, 1, -3, -14, -1, 2, 2, 2),
(1137, 1, -3, -13, -1, 2, 2, 2),
(1138, 1, -3, -12, -1, 2, 2, 2),
(1139, 1, -3, -11, -1, 2, 2, 2),
(1140, 1, -3, -10, -1, 2, 2, 2),
(1141, 1, -3, -9, -1, 2, 2, 2),
(1142, 1, -3, -8, -1, 2, 2, 2),
(1143, 1, -3, -7, -1, 2, 2, 2),
(1144, 1, -3, -6, -1, 2, 2, 2),
(1145, 1, -3, -5, -1, 2, 2, 2),
(1146, 1, -3, -4, -1, 2, 2, 2),
(1147, 1, -3, -3, -1, 2, 2, 2),
(1148, 1, -3, -2, -1, 2, 2, 2),
(1149, 1, -3, -1, -1, 2, 2, 2),
(1150, 1, -3, 0, -1, 2, 2, 2),
(1151, 1, -3, 1, -1, 2, 2, 2),
(1152, 1, -3, 2, -1, 2, 2, 2),
(1153, 1, -3, 3, -1, 2, 2, 2),
(1154, 1, -3, 4, -1, 2, 2, 2),
(1155, 1, -3, 5, -1, 2, 2, 2),
(1156, 1, -3, 6, -1, 2, 2, 2),
(1157, 1, -3, 7, -1, 2, 2, 2),
(1195, 1, -3, 7, -1, 3, 2, 2),
(1159, 1, -2, 9, -1, 1, 2, 2),
(1160, 1, -1, 9, -1, 1, 2, 2),
(1161, 1, 0, 9, -1, 1, 2, 2),
(1162, 1, 1, 9, -1, 1, 2, 2),
(1163, 1, 2, 9, -1, 1, 2, 2),
(1164, 1, 3, 9, -1, 1, 2, 2),
(1165, 1, 4, 9, -1, 1, 2, 2),
(1166, 1, 5, 9, -1, 1, 2, 2),
(1167, 1, 6, 9, -1, 1, 2, 2),
(1168, 1, 7, 9, -1, 1, 2, 2),
(1169, 1, 8, 9, -1, 1, 2, 2),
(1200, 1, -2, -19, -1, 3, 2, 2),
(1171, 1, 9, 8, -1, 0, 2, 2),
(1172, 1, 9, 7, -1, 0, 2, 2),
(1173, 1, 9, 6, -1, 0, 2, 2),
(1174, 1, 9, 5, -1, 0, 2, 2),
(1175, 1, 9, 4, -1, 0, 2, 2),
(1176, 1, 9, 3, -1, 0, 2, 2),
(1177, 1, 9, 2, -1, 0, 2, 2),
(1178, 1, 9, 1, -1, 0, 2, 2),
(1179, 1, 9, 0, -1, 0, 2, 2),
(1180, 1, 9, -1, -1, 0, 2, 2),
(1181, 1, 9, -2, -1, 0, 2, 2),
(1182, 1, 9, -3, -1, 0, 2, 2),
(1183, 1, 9, -4, -1, 0, 2, 2),
(1184, 1, 9, -5, -1, 0, 2, 2),
(1185, 1, 9, -6, -1, 0, 2, 2),
(1186, 1, 9, -7, -1, 0, 2, 2),
(1187, 1, 9, -8, -1, 0, 2, 2),
(1188, 1, 9, -9, -1, 0, 2, 2),
(1189, 1, 9, -10, -1, 0, 2, 2),
(1190, 1, 9, -11, -1, 0, 2, 2),
(1191, 1, 9, -12, -1, 0, 2, 2),
(1192, 1, 9, -13, -1, 0, 2, 2),
(1193, 1, 9, -14, -1, 0, 2, 2),
(1194, 1, 9, -15, -1, 0, 2, 2),
(1196, 1, -4, 7, -1, 3, 2, 2),
(1197, 1, -5, 8, -1, 2, 2, 2),
(1198, 1, -4, 9, -1, 1, 2, 2),
(1199, 1, -3, 9, -1, 1, 2, 2),
(1201, 1, -1, -19, -1, 3, 2, 2),
(1202, 1, 0, -19, -1, 3, 2, 2),
(1203, 1, 1, -19, -1, 3, 2, 2),
(1204, 1, 2, -19, -1, 3, 2, 2),
(1205, 1, 3, -19, -1, 3, 2, 2),
(1206, 1, 4, -19, -1, 3, 2, 2),
(1207, 1, 5, -19, -1, 3, 2, 2),
(1208, 1, 6, -19, -1, 3, 2, 2),
(1209, 1, 7, -18, -1, 0, 2, 2),
(1210, 1, 7, -17, -1, 0, 2, 2),
(1211, 1, 7, -16, -1, 0, 2, 2),
(1212, 1, 7, -15, -1, 0, 2, 2),
(1213, 1, 7, -14, -1, 0, 2, 2),
(1214, 1, 7, -13, -1, 0, 2, 2),
(1215, 1, 7, -12, -1, 0, 2, 2),
(1216, 1, 7, -11, -1, 0, 2, 2),
(1217, 1, 8, -16, -1, 3, 2, 2),
(1218, 1, 7, -16, -1, 3, 2, 2),
(1224, 1, 2, -17, 0, 3, 0, 16),
(1222, 1, 2, -17, 0, 1, 1, 4),
(1225, 1, 6, -19, -1, 3, 0, 18),
(1226, 1, 7, -19, -1, 3, 0, 18),
(1227, 1, 7, -18, -1, 3, 0, 18),
(1228, 1, 7, -17, -1, 3, 0, 18),
(1229, 1, 7, -16, -1, 3, 0, 18),
(1230, 1, 8, -16, -1, 3, 0, 18),
(1231, 1, 9, -16, -1, 3, 0, 18),
(1232, 1, 9, -15, -1, 3, 0, 18),
(1233, 1, 9, -14, -1, 3, 0, 18),
(1234, 1, 9, -13, -1, 3, 0, 18),
(1235, 1, 9, -12, -1, 3, 0, 18),
(1236, 1, 9, -11, -1, 3, 0, 18),
(1237, 1, 9, -10, -1, 3, 0, 18),
(1238, 1, 9, -9, -1, 3, 0, 18),
(1239, 1, 9, -8, -1, 3, 0, 18),
(1240, 1, 9, -7, -1, 3, 0, 18),
(1241, 1, 9, -6, -1, 3, 0, 18),
(1242, 1, 9, -5, -1, 3, 0, 18),
(1243, 1, 9, -4, -1, 3, 0, 18),
(1244, 1, 9, -3, -1, 3, 0, 18),
(1245, 1, 9, -2, -1, 3, 0, 18),
(1246, 1, 9, -1, -1, 3, 0, 18),
(1247, 1, 9, 0, -1, 3, 0, 18),
(1248, 1, 9, 1, -1, 3, 0, 18),
(1249, 1, 9, 2, -1, 3, 0, 18),
(1250, 1, 9, 3, -1, 3, 0, 18),
(1251, 1, 9, 4, -1, 3, 0, 18),
(1252, 1, 9, 5, -1, 3, 0, 18),
(1253, 1, 9, 6, -1, 3, 0, 18),
(1254, 1, 9, 7, -1, 3, 0, 18),
(1255, 1, 9, 8, -1, 3, 0, 18),
(1256, 1, 9, 9, -1, 3, 0, 18),
(1257, 1, 8, 9, -1, 3, 0, 18),
(1258, 1, 7, 9, -1, 3, 0, 18),
(1259, 1, 6, 9, -1, 1, 0, 18),
(1260, 1, 5, 9, -1, 1, 0, 18),
(1261, 1, 4, 9, -1, 1, 0, 18),
(1262, 1, 3, 9, -1, 1, 0, 18),
(1263, 1, 2, 9, -1, 1, 0, 18),
(1264, 1, 1, 9, -1, 1, 0, 18),
(1265, 1, 0, 9, -1, 1, 0, 18),
(1266, 1, -1, 9, -1, 1, 0, 18),
(1267, 1, -2, 9, -1, 1, 0, 18),
(1268, 1, -3, 9, -1, 1, 0, 18),
(1269, 1, -4, 9, -1, 1, 0, 18),
(1270, 1, -5, 9, -1, 1, 0, 18),
(1271, 1, -5, 8, -1, 1, 0, 18),
(1272, 1, -5, 7, -1, 1, 0, 18),
(1273, 1, -4, 7, -1, 1, 0, 18),
(1274, 1, -3, 7, -1, 1, 0, 18),
(1275, 1, -3, 6, -1, 1, 0, 18),
(1276, 1, -3, 5, -1, 1, 0, 18),
(1277, 1, -3, 4, -1, 1, 0, 18),
(1278, 1, -3, 3, -1, 1, 0, 18),
(1279, 1, -3, 2, -1, 1, 0, 18),
(1280, 1, -3, 1, -1, 1, 0, 18),
(1281, 1, -3, 0, -1, 1, 0, 18),
(1282, 1, -3, -1, -1, 1, 0, 18),
(1283, 1, -3, -2, -1, 1, 0, 18),
(1284, 1, -3, -3, -1, 1, 0, 18),
(1285, 1, -3, -4, -1, 1, 0, 18),
(1286, 1, -3, -5, -1, 1, 0, 18),
(1287, 1, -3, -6, -1, 1, 0, 18),
(1288, 1, -3, -7, -1, 1, 0, 18),
(1289, 1, -3, -8, -1, 1, 0, 18),
(1290, 1, -3, -9, -1, 1, 0, 18),
(1291, 1, -3, -10, -1, 1, 0, 18),
(1292, 1, -3, -11, -1, 1, 0, 18),
(1293, 1, -3, -12, -1, 1, 0, 18),
(1294, 1, -3, -13, -1, 1, 0, 18),
(1295, 1, -3, -14, -1, 1, 0, 18),
(1296, 1, -3, -15, -1, 1, 0, 18),
(1297, 1, -3, -16, -1, 1, 0, 18),
(1298, 1, -3, -17, -1, 1, 0, 18),
(1299, 1, -3, -18, -1, 1, 0, 18),
(1300, 1, -3, -19, -1, 2, 0, 18),
(1301, 1, -2, -19, -1, 2, 0, 18),
(1302, 1, -1, -19, -1, 2, 0, 18),
(1303, 1, 0, -19, -1, 2, 0, 18),
(1304, 1, 1, -19, -1, 2, 0, 18),
(1305, 1, 2, -19, -1, 2, 0, 18),
(1306, 1, 3, -19, -1, 2, 0, 18),
(1307, 1, 4, -19, -1, 2, 0, 18),
(1308, 1, 5, -19, -1, 2, 0, 18),
(1309, 1, 5, -20, -2, 3, 0, 18),
(1310, 1, 6, -20, -2, 3, 0, 18),
(1311, 1, 7, -20, -2, 3, 0, 18),
(1312, 1, 8, -20, -2, 3, 0, 18),
(1313, 1, 8, -19, -2, 3, 0, 18),
(1314, 1, 8, -18, -2, 3, 0, 18),
(1315, 1, 8, -17, -2, 3, 0, 18),
(1316, 1, 9, -17, -2, 3, 0, 18),
(1317, 1, 10, -17, -2, 3, 0, 18),
(1318, 1, 10, -16, -2, 0, 0, 18),
(1319, 1, 10, -15, -2, 3, 0, 18),
(1320, 1, 10, -14, -2, 3, 0, 18),
(1321, 1, 10, -13, -2, 3, 0, 18),
(1322, 1, 10, -12, -2, 3, 0, 18),
(1323, 1, 10, -11, -2, 3, 0, 18),
(1324, 1, 10, -10, -2, 3, 0, 18),
(1325, 1, 10, -9, -2, 3, 0, 18),
(1326, 1, 10, -8, -2, 3, 0, 18),
(1327, 1, 10, -7, -2, 3, 0, 18),
(1328, 1, 10, -6, -2, 3, 0, 18),
(1329, 1, 10, -5, -2, 3, 0, 18),
(1330, 1, 10, -4, -2, 3, 0, 18),
(1331, 1, 10, -3, -2, 3, 0, 18),
(1332, 1, 10, -2, -2, 3, 0, 18),
(1333, 1, 10, -1, -2, 3, 0, 18),
(1334, 1, 10, 0, -2, 3, 0, 18),
(1335, 1, 10, 1, -2, 3, 0, 18),
(1336, 1, 10, 2, -2, 3, 0, 18),
(1337, 1, 10, 3, -2, 3, 0, 18),
(1338, 1, 10, 4, -2, 3, 0, 18),
(1339, 1, 10, 5, -2, 3, 0, 18),
(1340, 1, 10, 6, -2, 3, 0, 18),
(1341, 1, 10, 7, -2, 0, 0, 18),
(1342, 1, 10, 8, -2, 0, 0, 18),
(1343, 1, 10, 9, -2, 0, 0, 18),
(1344, 1, 10, 10, -2, 0, 0, 18),
(1345, 1, 9, 10, -2, 0, 0, 18),
(1346, 1, 8, 10, -2, 0, 0, 18),
(1347, 1, 7, 10, -2, 0, 0, 18),
(1348, 1, 6, 10, -2, 0, 0, 18),
(1349, 1, 5, 10, -2, 0, 0, 18),
(1350, 1, 4, 10, -2, 0, 0, 18),
(1351, 1, 3, 10, -2, 0, 0, 18),
(1352, 1, 2, 10, -2, 0, 0, 18),
(1353, 1, 1, 10, -2, 0, 0, 18),
(1354, 1, 0, 10, -2, 0, 0, 18),
(1355, 1, -1, 10, -2, 0, 0, 18),
(1356, 1, -2, 10, -2, 0, 0, 18),
(1357, 1, -3, 10, -2, 0, 0, 18),
(1358, 1, -4, 10, -2, 1, 0, 18),
(1359, 1, -5, 10, -2, 1, 0, 18),
(1360, 1, -6, 10, -2, 1, 0, 18),
(1361, 1, -6, 9, -2, 1, 0, 18),
(1362, 1, -6, 8, -2, 1, 0, 18),
(1363, 1, -6, 7, -2, 2, 0, 18),
(1364, 1, -6, 6, -2, 2, 0, 18),
(1365, 1, -5, 6, -2, 2, 0, 18),
(1366, 1, -4, 6, -2, 2, 0, 18),
(1367, 1, -4, 5, -2, 1, 0, 18),
(1368, 1, -4, 4, -2, 1, 0, 18),
(1369, 1, -4, 3, -2, 1, 0, 18),
(1370, 1, -4, 2, -2, 1, 0, 18),
(1371, 1, -4, 1, -2, 1, 0, 18),
(1372, 1, -4, 0, -2, 1, 0, 18),
(1373, 1, -4, -1, -2, 1, 0, 18),
(1374, 1, -4, -2, -2, 1, 0, 18),
(1375, 1, -4, -3, -2, 1, 0, 18),
(1376, 1, -4, -4, -2, 1, 0, 18),
(1377, 1, -4, -5, -2, 1, 0, 18),
(1378, 1, -4, -6, -2, 1, 0, 18),
(1379, 1, -4, -7, -2, 1, 0, 18),
(1380, 1, -4, -8, -2, 1, 0, 18),
(1381, 1, -4, -9, -2, 1, 0, 18),
(1382, 1, -4, -10, -2, 1, 0, 18),
(1383, 1, -4, -11, -2, 1, 0, 18),
(1384, 1, -4, -12, -2, 1, 0, 18),
(1385, 1, -4, -13, -2, 1, 0, 18),
(1386, 1, -4, -14, -2, 1, 0, 18),
(1387, 1, -4, -15, -2, 1, 0, 18),
(1388, 1, -4, -16, -2, 1, 0, 18),
(1389, 1, -4, -17, -2, 1, 0, 18),
(1390, 1, -4, -18, -2, 1, 0, 18),
(1391, 1, -4, -19, -2, 2, 0, 18),
(1392, 1, -4, -20, -2, 2, 0, 18),
(1393, 1, -3, -20, -2, 2, 0, 18),
(1394, 1, -2, -20, -2, 2, 0, 18),
(1395, 1, -1, -20, -2, 2, 0, 18),
(1396, 1, 0, -20, -2, 2, 0, 18),
(1397, 1, 1, -20, -2, 2, 0, 18),
(1398, 1, 2, -20, -2, 2, 0, 18),
(1399, 1, 3, -20, -2, 2, 0, 18),
(1400, 1, 4, -20, -2, 2, 0, 18),
(1401, 1, 4, -20, -2, 3, 2, 2),
(1402, 1, 5, -20, -2, 3, 2, 2),
(1403, 1, 6, -20, -2, 3, 2, 2),
(1404, 1, 7, -20, -2, 3, 2, 2),
(1405, 1, 8, -19, -2, 0, 2, 2),
(1406, 1, 8, -18, -2, 0, 2, 2),
(1407, 1, 8, -17, -2, 0, 2, 2),
(1408, 1, 8, -17, -2, 3, 2, 2),
(1409, 1, 9, -17, -2, 3, 2, 2),
(1410, 1, 10, -16, -2, 0, 2, 2),
(1411, 1, 10, -15, -2, 0, 2, 2),
(1412, 1, 10, -14, -2, 0, 2, 2),
(1413, 1, 10, -13, -2, 0, 2, 2),
(1414, 1, 10, -12, -2, 0, 2, 2),
(1415, 1, 10, -11, -2, 0, 2, 2),
(1416, 1, 10, -10, -2, 0, 2, 2),
(1417, 1, 10, -9, -2, 0, 2, 2),
(1418, 1, 10, -8, -2, 0, 2, 2),
(1419, 1, 10, -7, -2, 0, 2, 2),
(1420, 1, 10, -6, -2, 0, 2, 2),
(1421, 1, 10, -5, -2, 0, 2, 2),
(1422, 1, 10, -4, -2, 0, 2, 2),
(1423, 1, 10, -3, -2, 0, 2, 2),
(1424, 1, 10, -2, -2, 0, 2, 2),
(1425, 1, 10, -1, -2, 0, 2, 2),
(1426, 1, 10, 0, -2, 0, 2, 2),
(1427, 1, 10, 1, -2, 0, 2, 2),
(1428, 1, 10, 2, -2, 0, 2, 2),
(1429, 1, 10, 3, -2, 0, 2, 2),
(1430, 1, 10, 4, -2, 0, 2, 2),
(1431, 1, 10, 5, -2, 0, 2, 2),
(1432, 1, 10, 6, -2, 0, 2, 2),
(1433, 1, 10, 7, -2, 0, 2, 2),
(1434, 1, 10, 8, -2, 0, 2, 2),
(1435, 1, 10, 9, -2, 0, 2, 2),
(1436, 1, 9, 10, -2, 1, 2, 2),
(1437, 1, 8, 10, -2, 1, 2, 2),
(1438, 1, 7, 10, -2, 1, 2, 2),
(1439, 1, 6, 10, -2, 1, 2, 2),
(1440, 1, 5, 10, -2, 1, 2, 2),
(1441, 1, 4, 10, -2, 1, 2, 2),
(1442, 1, 3, 10, -2, 1, 2, 2),
(1443, 1, 2, 10, -2, 1, 2, 2),
(1444, 1, 1, 10, -2, 1, 2, 2),
(1445, 1, 0, 10, -2, 1, 2, 2),
(1446, 1, -1, 10, -2, 1, 2, 2),
(1447, 1, -2, 10, -2, 1, 2, 2),
(1448, 1, -3, 10, -2, 1, 2, 2),
(1449, 1, -4, 10, -2, 1, 2, 2),
(1450, 1, -5, 10, -2, 1, 2, 2),
(1451, 1, -6, 9, -2, 2, 2, 2),
(1452, 1, -6, 8, -2, 2, 2, 2),
(1453, 1, -6, 7, -2, 2, 2, 2),
(1454, 1, -5, 6, -2, 3, 2, 2),
(1455, 1, -4, 6, -2, 3, 2, 2),
(1456, 1, -4, 6, -2, 2, 2, 2),
(1457, 1, -4, 5, -2, 2, 2, 2),
(1458, 1, -4, 4, -2, 2, 2, 2),
(1459, 1, -4, 3, -2, 2, 2, 2),
(1460, 1, -4, 2, -2, 2, 2, 2),
(1461, 1, -4, 1, -2, 2, 2, 2),
(1462, 1, -4, 0, -2, 2, 2, 2),
(1463, 1, -4, -1, -2, 2, 2, 2),
(1464, 1, -4, -2, -2, 2, 2, 2),
(1465, 1, -4, -3, -2, 2, 2, 2),
(1466, 1, -4, -4, -2, 2, 2, 2),
(1467, 1, -4, -5, -2, 2, 2, 2),
(1468, 1, -4, -6, -2, 2, 2, 2),
(1469, 1, -4, -7, -2, 2, 2, 2),
(1470, 1, -4, -8, -2, 2, 2, 2),
(1471, 1, -4, -9, -2, 2, 2, 2),
(1472, 1, -4, -10, -2, 2, 2, 2),
(1473, 1, -4, -11, -2, 2, 2, 2),
(1474, 1, -4, -12, -2, 2, 2, 2),
(1475, 1, -4, -13, -2, 2, 2, 2),
(1476, 1, -4, -14, -2, 2, 2, 2),
(1477, 1, -4, -15, -2, 2, 2, 2),
(1478, 1, -4, -16, -2, 2, 2, 2),
(1479, 1, -4, -17, -2, 2, 2, 2),
(1480, 1, -4, -18, -2, 2, 2, 2),
(1481, 1, -4, -19, -2, 2, 2, 2),
(1482, 1, -3, -20, -2, 3, 2, 2),
(1483, 1, -2, -20, -2, 3, 2, 2),
(1484, 1, -1, -20, -2, 3, 2, 2),
(1485, 1, 0, -20, -2, 3, 2, 2),
(1486, 1, 1, -20, -2, 3, 2, 2),
(1487, 1, 2, -20, -2, 3, 2, 2),
(1488, 1, 3, -20, -2, 3, 2, 2),
(1492, 1, 1, -17, 0, 0, 0, 16),
(1493, 1, 1, -17, 0, 1, 1, 4),
(1513, 1, 11, -16, -2, 3, 0, 18),
(1514, 1, 11, -15, -2, 3, 0, 18),
(1515, 1, 11, -14, -2, 3, 0, 18),
(1516, 1, 11, -13, -2, 3, 0, 18),
(1517, 1, 11, -12, -2, 3, 0, 18),
(1518, 1, 11, -11, -2, 3, 0, 18),
(1519, 1, 11, -10, -2, 3, 0, 18),
(1520, 1, 11, -9, -2, 3, 0, 18),
(1521, 1, 11, -8, -2, 3, 0, 18),
(1522, 1, 11, -7, -2, 3, 0, 18),
(1523, 1, 11, -6, -2, 3, 0, 18),
(1524, 1, 11, -5, -2, 3, 0, 18),
(1525, 1, 11, -4, -2, 3, 0, 18),
(1526, 1, 11, -3, -2, 3, 0, 18),
(1527, 1, 11, -2, -2, 3, 0, 18),
(1528, 1, 11, -1, -2, 3, 0, 18),
(1529, 1, 11, 0, -2, 3, 0, 18),
(1530, 1, 11, 1, -2, 3, 0, 18),
(1531, 1, 11, 2, -2, 3, 0, 18),
(1532, 1, 11, 3, -2, 3, 0, 18),
(1533, 1, 11, 4, -2, 3, 0, 18),
(1534, 1, 11, 5, -2, 3, 0, 18),
(1535, 1, 11, 6, -2, 3, 0, 18),
(1536, 1, 11, 7, -2, 3, 0, 18),
(1537, 1, 11, 8, -2, 3, 0, 18),
(1538, 1, 11, 9, -2, 3, 0, 18),
(1539, 1, 11, 10, -2, 3, 0, 18),
(1540, 1, 12, 10, -2, 1, 0, 18),
(1541, 1, 12, 9, -2, 1, 0, 18),
(1542, 1, 12, 8, -2, 1, 0, 18),
(1543, 1, 12, 7, -2, 1, 0, 18),
(1544, 1, 12, 6, -2, 1, 0, 18),
(1545, 1, 12, 5, -2, 1, 0, 18),
(1546, 1, 12, 4, -2, 1, 0, 18),
(1547, 1, 12, 3, -2, 1, 0, 18),
(1548, 1, 12, 2, -2, 1, 0, 18),
(1549, 1, 12, 1, -2, 1, 0, 18),
(1550, 1, 12, 0, -2, 1, 0, 18),
(1551, 1, 12, -1, -2, 1, 0, 18),
(1552, 1, 12, -2, -2, 1, 0, 18),
(1553, 1, 12, -3, -2, 1, 0, 18),
(1554, 1, 12, -4, -2, 1, 0, 18),
(1555, 1, 12, -5, -2, 1, 0, 18),
(1556, 1, 12, -6, -2, 1, 0, 18),
(1557, 1, 12, -7, -2, 1, 0, 18),
(1558, 1, 12, -8, -2, 1, 0, 18),
(1559, 1, 12, -9, -2, 1, 0, 18),
(1560, 1, 12, -10, -2, 1, 0, 18),
(1561, 1, 12, -11, -2, 1, 0, 18),
(1562, 1, 12, -12, -2, 1, 0, 18),
(1563, 1, 12, -13, -2, 1, 0, 18),
(1564, 1, 12, -14, -2, 1, 0, 18),
(1565, 1, 12, -15, -2, 1, 0, 18),
(1566, 1, 12, -16, -2, 1, 0, 18),
(1567, 1, 12, -17, -2, 1, 0, 18),
(1568, 1, 13, -17, -2, 3, 0, 18),
(1569, 1, 13, -16, -2, 3, 0, 18),
(1570, 1, 13, -15, -2, 3, 0, 18),
(1571, 1, 13, -14, -2, 3, 0, 18),
(1572, 1, 13, -13, -2, 3, 0, 18),
(1573, 1, 13, -12, -2, 3, 0, 18),
(1574, 1, 13, -11, -2, 3, 0, 18),
(1575, 1, 13, -10, -2, 3, 0, 18),
(1576, 1, 13, -9, -2, 3, 0, 18),
(1577, 1, 13, -8, -2, 3, 0, 18),
(1578, 1, 13, -7, -2, 3, 0, 18),
(1579, 1, 13, -6, -2, 3, 0, 18),
(1580, 1, 13, -5, -2, 3, 0, 18),
(1581, 1, 13, -4, -2, 3, 0, 18),
(1582, 1, 13, -3, -2, 3, 0, 18),
(1583, 1, 13, -2, -2, 3, 0, 18),
(1584, 1, 13, -1, -2, 3, 0, 18),
(1585, 1, 13, 0, -2, 3, 0, 18),
(1586, 1, 13, 1, -2, 3, 0, 18),
(1587, 1, 13, 2, -2, 3, 0, 18),
(1588, 1, 13, 3, -2, 3, 0, 18),
(1589, 1, 13, 4, -2, 3, 0, 18),
(1590, 1, 13, 5, -2, 3, 0, 18),
(1591, 1, 13, 6, -2, 3, 0, 18),
(1592, 1, 13, 7, -2, 3, 0, 18),
(1593, 1, 13, 8, -2, 3, 0, 18),
(1594, 1, 13, 9, -2, 3, 0, 18),
(1595, 1, 13, 10, -2, 3, 0, 18),
(1596, 1, 14, 10, -2, 2, 0, 18),
(1597, 1, 14, 9, -2, 1, 0, 18),
(1598, 1, 14, 8, -2, 1, 0, 18),
(1599, 1, 14, 7, -2, 1, 0, 18),
(1600, 1, 14, 6, -2, 1, 0, 18),
(1601, 1, 14, 5, -2, 1, 0, 18),
(1602, 1, 14, 4, -2, 1, 0, 18),
(1603, 1, 14, 3, -2, 1, 0, 18),
(1604, 1, 14, 2, -2, 1, 0, 18),
(1605, 1, 15, 2, -2, 1, 0, 18),
(1606, 1, 15, 3, -2, 1, 0, 18),
(1607, 1, 15, 4, -2, 0, 0, 18),
(1608, 1, 15, 5, -2, 0, 0, 18),
(1609, 1, 15, 6, -2, 0, 0, 18),
(1610, 1, 15, 7, -2, 0, 0, 18),
(1611, 1, 15, 8, -2, 0, 0, 18),
(1612, 1, 15, 9, -2, 0, 0, 18),
(1613, 1, 15, 10, -2, 0, 0, 18),
(1614, 1, 16, 10, -2, 0, 0, 18),
(1615, 1, 16, 9, -2, 0, 0, 18),
(1616, 1, 16, 8, -2, 0, 0, 18),
(1617, 1, 16, 7, -2, 0, 0, 18),
(1618, 1, 16, 6, -2, 0, 0, 18),
(1619, 1, 16, 5, -2, 0, 0, 18),
(1620, 1, 16, 4, -2, 0, 0, 18),
(1621, 1, 16, 3, -2, 0, 0, 18),
(1622, 1, 16, 2, -2, 0, 0, 18),
(1623, 1, 16, 1, -2, 3, 0, 18),
(1624, 1, 16, 0, -2, 0, 0, 18),
(1625, 1, 16, -1, -2, 0, 0, 18),
(1626, 1, 16, -2, -2, 0, 0, 18),
(1627, 1, 16, -3, -2, 0, 0, 18),
(1628, 1, 16, -4, -2, 0, 0, 18),
(1629, 1, 16, -5, -2, 0, 0, 18),
(1630, 1, 15, -5, -2, 0, 0, 18),
(1631, 1, 14, -5, -2, 0, 0, 18),
(1632, 1, 14, -6, -2, 1, 0, 18),
(1633, 1, 14, -7, -2, 1, 0, 18),
(1634, 1, 14, -8, -2, 1, 0, 18),
(1635, 1, 14, -9, -2, 1, 0, 18),
(1636, 1, 14, -10, -2, 1, 0, 18),
(1637, 1, 14, -11, -2, 1, 0, 18),
(1638, 1, 14, -12, -2, 1, 0, 18),
(1639, 1, 14, -13, -2, 1, 0, 18),
(1640, 1, 14, -14, -2, 1, 0, 18),
(1641, 1, 14, -15, -2, 1, 0, 18),
(1642, 1, 14, -16, -2, 1, 0, 18),
(1643, 1, 14, -17, -2, 1, 0, 18),
(1644, 1, 15, -17, -2, 1, 0, 18),
(1645, 1, 15, -16, -2, 3, 0, 18),
(1646, 1, 15, -15, -2, 3, 0, 18),
(1647, 1, 15, -14, -2, 3, 0, 18),
(1648, 1, 15, -13, -2, 3, 0, 18),
(1649, 1, 15, -12, -2, 3, 0, 18),
(1650, 1, 15, -11, -2, 3, 0, 18),
(1651, 1, 15, -10, -2, 3, 0, 18),
(1652, 1, 15, -9, -2, 3, 0, 18),
(1653, 1, 15, -8, -2, 3, 0, 18),
(1654, 1, 15, -7, -2, 3, 0, 18),
(1655, 1, 15, -6, -2, 3, 0, 18),
(1656, 1, 16, -6, -2, 3, 0, 18),
(1657, 1, 16, -7, -2, 3, 0, 18),
(1658, 1, 16, -8, -2, 3, 0, 18),
(1659, 1, 16, -9, -2, 3, 0, 18),
(1660, 1, 16, -10, -2, 3, 0, 18),
(1661, 1, 16, -11, -2, 3, 0, 18),
(1662, 1, 16, -12, -2, 3, 0, 18),
(1663, 1, 16, -13, -2, 3, 0, 18),
(1664, 1, 16, -14, -2, 3, 0, 18),
(1665, 1, 16, -15, -2, 0, 0, 18),
(1666, 1, 16, -16, -2, 0, 0, 18),
(1667, 1, 16, -17, -2, 0, 0, 18),
(1668, 1, 17, -17, -2, 0, 0, 18),
(1669, 1, 17, -16, -2, 3, 0, 18),
(1670, 1, 17, -15, -2, 3, 0, 18),
(1671, 1, 17, -14, -2, 3, 0, 18),
(1672, 1, 17, -13, -2, 3, 0, 18),
(1673, 1, 17, -12, -2, 3, 0, 18),
(1674, 1, 17, -11, -2, 3, 0, 18),
(1675, 1, 17, -10, -2, 3, 0, 18),
(1676, 1, 17, -9, -2, 3, 0, 18),
(1677, 1, 17, -8, -2, 3, 0, 18),
(1678, 1, 17, -7, -2, 3, 0, 18),
(1679, 1, 17, -6, -2, 3, 0, 18),
(1680, 1, 17, -5, -2, 3, 0, 18),
(1681, 1, 17, -4, -2, 3, 0, 18),
(1682, 1, 17, -3, -2, 3, 0, 18),
(1683, 1, 17, -2, -2, 3, 0, 18),
(1684, 1, 17, -1, -2, 3, 0, 18),
(1685, 1, 17, 0, -2, 3, 0, 18),
(1686, 1, 17, 1, -2, 3, 0, 18),
(1687, 1, 17, 2, -2, 3, 0, 18),
(1688, 1, 17, 3, -2, 3, 0, 18),
(1689, 1, 17, 4, -2, 3, 0, 18),
(1690, 1, 17, 5, -2, 3, 0, 18),
(1691, 1, 17, 6, -2, 3, 0, 18),
(1692, 1, 17, 7, -2, 3, 0, 18),
(1693, 1, 17, 8, -2, 3, 0, 18),
(1694, 1, 17, 9, -2, 3, 0, 18),
(1695, 1, 17, 10, -2, 3, 0, 18),
(1696, 1, 18, 10, -2, 1, 0, 18),
(1697, 1, 18, 9, -2, 1, 0, 18),
(1698, 1, 18, 8, -2, 1, 0, 18),
(1699, 1, 18, 7, -2, 1, 0, 18),
(1700, 1, 18, 6, -2, 1, 0, 18),
(1701, 1, 18, 5, -2, 1, 0, 18),
(1702, 1, 18, 4, -2, 1, 0, 18),
(1703, 1, 18, 3, -2, 1, 0, 18),
(1704, 1, 18, 2, -2, 1, 0, 18),
(1705, 1, 18, 1, -2, 1, 0, 18),
(1706, 1, 18, 0, -2, 1, 0, 18),
(1707, 1, 18, -1, -2, 1, 0, 18),
(1708, 1, 18, -2, -2, 1, 0, 18),
(1709, 1, 18, -3, -2, 1, 0, 18),
(1710, 1, 18, -4, -2, 1, 0, 18),
(1711, 1, 18, -5, -2, 1, 0, 18),
(1712, 1, 18, -6, -2, 1, 0, 18),
(1713, 1, 18, -7, -2, 1, 0, 18),
(1714, 1, 18, -8, -2, 1, 0, 18),
(1715, 1, 18, -9, -2, 1, 0, 18),
(1716, 1, 18, -10, -2, 1, 0, 18),
(1717, 1, 18, -11, -2, 1, 0, 18),
(1718, 1, 18, -12, -2, 1, 0, 18),
(1719, 1, 18, -13, -2, 1, 0, 18),
(1720, 1, 18, -14, -2, 1, 0, 18),
(1721, 1, 18, -15, -2, 1, 0, 18),
(1722, 1, 18, -16, -2, 1, 0, 18),
(1723, 1, 18, -17, -2, 1, 0, 18),
(1724, 1, 15, -4, -2, 3, 0, 12),
(1725, 1, 15, -3, -2, 3, 0, 12),
(1726, 1, 15, -2, -2, 3, 0, 12),
(1727, 1, 15, -1, -2, 3, 0, 12),
(1728, 1, 15, 0, -2, 3, 0, 12),
(1729, 1, 15, 1, -2, 3, 0, 12),
(1730, 1, 14, 1, -2, 3, 0, 12),
(1731, 1, 14, 0, -2, 3, 0, 12),
(1732, 1, 14, -1, -2, 3, 0, 12),
(1733, 1, 14, -2, -2, 2, 0, 12),
(1734, 1, 14, -3, -2, 2, 0, 12),
(1735, 1, 14, -4, -2, 2, 0, 12),
(1736, 1, 18, -14, -2, 2, 2, 6),
(1737, 1, 19, -13, -2, 1, 2, 6),
(1738, 1, 20, -14, -2, 0, 2, 6),
(1739, 1, 19, -15, -2, 3, 2, 6),
(1740, 1, 19, -14, -1, 2, 0, 5),
(1741, 1, 19, -13, -2, 1, 0, 18),
(1742, 1, 19, -12, -2, 1, 0, 18),
(1743, 1, 19, -11, -2, 1, 0, 18),
(1744, 1, 20, -11, -2, 1, 0, 18),
(1745, 1, 20, -12, -2, 1, 0, 18),
(1746, 1, 20, -13, -2, 1, 0, 18),
(1747, 1, 20, -14, -2, 1, 0, 18),
(1748, 1, 20, -15, -2, 1, 0, 18),
(1749, 1, 19, -15, -2, 1, 0, 18),
(1750, 1, 19, -16, -2, 1, 0, 18),
(1751, 1, 19, -17, -2, 1, 0, 18),
(1752, 1, 20, -17, -2, 1, 0, 18),
(1753, 1, 20, -16, -2, 3, 0, 18),
(1754, 1, 20, -10, -2, 3, 0, 18),
(1755, 1, 19, -10, -2, 3, 0, 18),
(1756, 1, 19, -9, -2, 3, 0, 18),
(1757, 1, 20, -9, -2, 3, 0, 18),
(1758, 1, 20, -8, -2, 3, 0, 18),
(1759, 1, 19, -8, -2, 3, 0, 18),
(1760, 1, 19, -6, -2, 1, 0, 18),
(1761, 1, 20, -6, -2, 1, 0, 18),
(1762, 1, 20, -7, -2, 1, 0, 18),
(1763, 1, 20, -5, -2, 3, 0, 18),
(1764, 1, 19, -5, -2, 3, 0, 18),
(1765, 1, 19, -4, -2, 3, 0, 18),
(1766, 1, 20, -4, -2, 3, 0, 18),
(1767, 1, 19, -3, -2, 3, 0, 18),
(1768, 1, 20, -3, -2, 3, 0, 18),
(1769, 1, 20, -2, -2, 3, 0, 18),
(1770, 1, 19, -2, -2, 0, 0, 18),
(1771, 1, 19, 0, -2, 3, 0, 18),
(1772, 1, 20, 0, -2, 3, 0, 18),
(1773, 1, 20, -1, -2, 3, 0, 18),
(1774, 1, 20, 1, -2, 3, 0, 18),
(1775, 1, 19, 1, -2, 3, 0, 18),
(1776, 1, 19, 2, -2, 3, 0, 18),
(1777, 1, 19, 3, -2, 3, 0, 18),
(1778, 1, 19, 4, -2, 3, 0, 18),
(1779, 1, 19, 5, -2, 3, 0, 18),
(1780, 1, 19, 6, -2, 3, 0, 18),
(1781, 1, 19, 7, -2, 3, 0, 18),
(1782, 1, 19, 8, -2, 3, 0, 18),
(1783, 1, 19, 9, -2, 3, 0, 18),
(1784, 1, 19, 10, -2, 3, 0, 18),
(1785, 1, 20, 10, -2, 3, 0, 18),
(1786, 1, 20, 9, -2, 1, 0, 18),
(1787, 1, 20, 8, -2, 1, 0, 18),
(1788, 1, 20, 7, -2, 1, 0, 18),
(1789, 1, 20, 6, -2, 1, 0, 18),
(1790, 1, 20, 5, -2, 1, 0, 18),
(1791, 1, 20, 4, -2, 1, 0, 18),
(1792, 1, 20, 3, -2, 1, 0, 18),
(1793, 1, 20, 2, -2, 1, 0, 18),
(1794, 1, 20, -1, -2, 0, 2, 10),
(1795, 1, 19, -2, -2, 3, 2, 10),
(1796, 1, 18, -1, -2, 2, 2, 10),
(1797, 1, 19, 0, -2, 1, 2, 10),
(1798, 1, 19, -6, -2, 1, 2, 10),
(1799, 1, 20, -7, -2, 0, 2, 10),
(1800, 1, 19, -8, -2, 3, 2, 10),
(1801, 1, 18, -7, -2, 2, 2, 10),
(1802, 1, 19, -7, -1, 3, 0, 5),
(1803, 1, 19, -1, -1, 3, 0, 5),
(1804, 1, 9, -18, -2, 0, 0, 18),
(1805, 1, 10, -18, -2, 0, 0, 18),
(1806, 1, 11, -18, -2, 0, 0, 18),
(1807, 1, 11, -19, -2, 0, 0, 18),
(1808, 1, 10, -19, -2, 0, 0, 18),
(1809, 1, 9, -19, -2, 0, 0, 18),
(1810, 1, 9, -20, -2, 0, 0, 18),
(1811, 1, 10, -20, -2, 2, 0, 18),
(1812, 1, 11, -20, -2, 2, 0, 18),
(1813, 1, 12, -20, -2, 2, 0, 18),
(1814, 1, 13, -20, -2, 2, 0, 18),
(1815, 1, 14, -20, -2, 2, 0, 18),
(1816, 1, 15, -20, -2, 2, 0, 18),
(1817, 1, 16, -20, -2, 2, 0, 18),
(1818, 1, 17, -20, -2, 2, 0, 18),
(1819, 1, 18, -20, -2, 2, 0, 18),
(1820, 1, 19, -20, -2, 2, 0, 18),
(1821, 1, 20, -20, -2, 2, 0, 18),
(1822, 1, 20, -19, -2, 3, 0, 18),
(1823, 1, 20, -18, -2, 3, 0, 18),
(1824, 1, 19, -18, -2, 0, 0, 18),
(1825, 1, 18, -18, -2, 0, 0, 18),
(1826, 1, 17, -18, -2, 0, 0, 18),
(1827, 1, 16, -18, -2, 0, 0, 18),
(1828, 1, 15, -18, -2, 0, 0, 18),
(1829, 1, 14, -18, -2, 0, 0, 18),
(1830, 1, 13, -18, -2, 0, 0, 18),
(1831, 1, 12, -18, -2, 0, 0, 18),
(1832, 1, 12, -19, -2, 1, 0, 18),
(1833, 1, 13, -19, -2, 2, 0, 18),
(1834, 1, 14, -19, -2, 2, 0, 18),
(1835, 1, 15, -19, -2, 2, 0, 18),
(1836, 1, 16, -19, -2, 2, 0, 18),
(1837, 1, 17, -19, -2, 2, 0, 18),
(1838, 1, 18, -19, -2, 2, 0, 18),
(1839, 1, 19, -19, -2, 2, 0, 18),
(2008, 1, 9, -22, -2, 2, 0, 18),
(2005, 1, 5, -21, -2, 0, 0, 18),
(2004, 1, 6, -21, -2, 0, 0, 18),
(1843, 1, 11, -20, -2, 1, 2, 18),
(1844, 1, 12, -20, -2, 1, 2, 18),
(1845, 1, 13, -20, -2, 1, 2, 18),
(1846, 1, 14, -20, -2, 1, 2, 18),
(1847, 1, 15, -20, -2, 1, 2, 18),
(1848, 1, 16, -20, -2, 1, 2, 18),
(1849, 1, 17, -20, -2, 1, 2, 18),
(1850, 1, 18, -20, -2, 1, 2, 18),
(1851, 1, 19, -20, -2, 1, 2, 18),
(1852, 1, 20, -20, -2, 1, 2, 18),
(1853, 1, 21, -20, -2, 1, 2, 18),
(1854, 1, 22, -20, -2, 1, 2, 18),
(1855, 1, 23, -20, -2, 1, 2, 18),
(2120, 1, 23, -22, -1, 0, 2, 18),
(1857, 1, 22, -21, -1, 1, 2, 18),
(1858, 1, 21, -21, -1, 1, 2, 18),
(1859, 1, 20, -21, -1, 1, 2, 18),
(1860, 1, 19, -21, -1, 1, 2, 18),
(1861, 1, 18, -21, -1, 1, 2, 18),
(1862, 1, 17, -21, -1, 1, 2, 18),
(1863, 1, 16, -21, -1, 1, 2, 18),
(1864, 1, 15, -21, -1, 1, 2, 18),
(1865, 1, 14, -21, -1, 1, 2, 18),
(1866, 1, 13, -21, -1, 1, 2, 18),
(1867, 1, 12, -21, -1, 1, 2, 18),
(2001, 1, 9, -21, -2, 0, 0, 18),
(2006, 1, 4, -21, -2, 0, 0, 18),
(2020, 1, 10, -22, -2, 2, 2, 18),
(2018, 1, 11, -22, -1, 2, 2, 18),
(1872, 1, 11, -21, -1, 1, 0, 18),
(1873, 1, 12, -21, -1, 1, 0, 18),
(1874, 1, 13, -21, -1, 1, 0, 18),
(1875, 1, 14, -21, -1, 1, 0, 18),
(1876, 1, 15, -21, -1, 2, 0, 18),
(1877, 1, 16, -21, -1, 2, 0, 18),
(1878, 1, 17, -21, -1, 2, 0, 18),
(1879, 1, 18, -21, -1, 2, 0, 18),
(1880, 1, 19, -21, -1, 2, 0, 18),
(1881, 1, 20, -21, -1, 2, 0, 18),
(1882, 1, 21, -21, -1, 2, 0, 18),
(1883, 1, 22, -21, -1, 2, 0, 18),
(1884, 1, 23, -21, -1, 2, 0, 18),
(2123, 1, 24, -21, -2, 0, 0, 18),
(2122, 1, 24, -22, -2, 0, 2, 18),
(2119, 1, 24, -21, -2, 0, 2, 18),
(2121, 1, 23, -22, -1, 0, 0, 18),
(1889, 1, 22, -22, 0, 1, 0, 18),
(1891, 1, 21, -22, 0, 0, 0, 18),
(1892, 1, 20, -22, 0, 0, 0, 18),
(1893, 1, 19, -22, 0, 0, 0, 18),
(1894, 1, 18, -22, 0, 0, 0, 18),
(1895, 1, 17, -22, 0, 0, 0, 18),
(1896, 1, 16, -22, 0, 0, 0, 18),
(1897, 1, 15, -22, 0, 0, 0, 18),
(1898, 1, 14, -22, 0, 0, 0, 18),
(1899, 1, 13, -22, 0, 0, 0, 18),
(1900, 1, 12, -22, 0, 0, 0, 18),
(2103, 1, 25, -14, -2, 2, 0, 18),
(2102, 1, 24, -14, -2, 2, 0, 18),
(2002, 1, 8, -21, -2, 0, 0, 18),
(2003, 1, 7, -21, -2, 0, 0, 18),
(2007, 1, 3, -21, -2, 0, 0, 18),
(2019, 1, 10, -21, -2, 2, 2, 18),
(2009, 1, 8, -22, -2, 2, 0, 18),
(1908, 1, 21, -20, -2, 2, 0, 18),
(1909, 1, 22, -20, -2, 2, 0, 18),
(1910, 1, 23, -20, -2, 2, 0, 18),
(1911, 1, 23, -19, -2, 3, 0, 18),
(1912, 1, 23, -18, -2, 3, 0, 18),
(1913, 1, 23, -17, -2, 3, 0, 18),
(1914, 1, 23, -16, -2, 3, 0, 18),
(1915, 1, 23, -15, -2, 3, 0, 18),
(1916, 1, 23, -14, -2, 3, 0, 18),
(1917, 1, 23, -13, -2, 3, 0, 18),
(1918, 1, 23, -12, -2, 3, 0, 18),
(1919, 1, 23, -11, -2, 3, 0, 18),
(1920, 1, 23, -10, -2, 3, 0, 18),
(1921, 1, 23, -9, -2, 3, 0, 18),
(1922, 1, 23, -8, -2, 3, 0, 18),
(1923, 1, 23, -7, -2, 3, 0, 18),
(1924, 1, 23, -6, -2, 3, 0, 18),
(1925, 1, 23, -5, -2, 3, 0, 18),
(1926, 1, 23, -4, -2, 3, 0, 18),
(1927, 1, 23, -3, -2, 3, 0, 18),
(1928, 1, 23, -2, -2, 3, 0, 18),
(1929, 1, 23, -1, -2, 3, 0, 18),
(1930, 1, 23, 0, -2, 3, 0, 18),
(1931, 1, 23, 1, -2, 3, 0, 18),
(1932, 1, 23, 2, -2, 3, 0, 18),
(1933, 1, 23, 3, -2, 3, 0, 18),
(1934, 1, 23, 4, -2, 3, 0, 18),
(1935, 1, 23, 5, -2, 3, 0, 18),
(1936, 1, 23, 6, -2, 3, 0, 18),
(1937, 1, 23, 7, -2, 3, 0, 18),
(1938, 1, 23, 8, -2, 3, 0, 18),
(1939, 1, 23, 9, -2, 3, 0, 18),
(1940, 1, 23, 10, -2, 0, 0, 18),
(1941, 1, 22, 10, -2, 0, 0, 18),
(1942, 1, 21, 10, -2, 0, 0, 18),
(1943, 1, 21, 9, -2, 1, 0, 18),
(1944, 1, 22, 9, -2, 1, 0, 18),
(1945, 1, 22, 8, -2, 1, 0, 18),
(1946, 1, 21, 8, -2, 1, 0, 18),
(1947, 1, 21, 7, -2, 1, 0, 18),
(1948, 1, 22, 7, -2, 1, 0, 18),
(1949, 1, 22, 6, -2, 1, 0, 18),
(1950, 1, 21, 6, -2, 1, 0, 18),
(1951, 1, 21, 5, -2, 1, 0, 18),
(1952, 1, 22, 5, -2, 1, 0, 18),
(1953, 1, 22, 4, -2, 1, 0, 18),
(1954, 1, 21, 4, -2, 1, 0, 18),
(1955, 1, 21, 3, -2, 1, 0, 18),
(1956, 1, 22, 3, -2, 1, 0, 18),
(1957, 1, 22, 2, -2, 1, 0, 18),
(1958, 1, 21, 2, -2, 1, 0, 18),
(1959, 1, 21, 1, -2, 1, 0, 18),
(1960, 1, 22, 1, -2, 1, 0, 18),
(1961, 1, 22, 0, -2, 1, 0, 18),
(1962, 1, 21, 0, -2, 1, 0, 18),
(1963, 1, 21, -1, -2, 1, 0, 18),
(1964, 1, 22, -1, -2, 1, 0, 18),
(1965, 1, 22, -2, -2, 1, 0, 18),
(1966, 1, 21, -2, -2, 1, 0, 18),
(1967, 1, 21, -3, -2, 1, 0, 18),
(1968, 1, 22, -3, -2, 1, 0, 18),
(1969, 1, 22, -4, -2, 1, 0, 18),
(1970, 1, 21, -4, -2, 1, 0, 18),
(1971, 1, 21, -5, -2, 1, 0, 18),
(1972, 1, 22, -5, -2, 1, 0, 18),
(1973, 1, 22, -6, -2, 1, 0, 18),
(1974, 1, 21, -6, -2, 1, 0, 18),
(1975, 1, 21, -7, -2, 1, 0, 18),
(1976, 1, 22, -7, -2, 1, 0, 18),
(1977, 1, 22, -8, -2, 1, 0, 18),
(1978, 1, 21, -8, -2, 1, 0, 18),
(1979, 1, 21, -9, -2, 1, 0, 18),
(1980, 1, 22, -9, -2, 1, 0, 18),
(1981, 1, 22, -10, -2, 1, 0, 18),
(1982, 1, 21, -10, -2, 1, 0, 18),
(1983, 1, 21, -11, -2, 1, 0, 18),
(1984, 1, 22, -11, -2, 1, 0, 18),
(1985, 1, 22, -12, -2, 1, 0, 18),
(1986, 1, 21, -12, -2, 1, 0, 18),
(1987, 1, 21, -13, -2, 1, 0, 18),
(1988, 1, 22, -13, -2, 1, 0, 18),
(1989, 1, 22, -14, -2, 1, 0, 18),
(1990, 1, 21, -14, -2, 1, 0, 18),
(1991, 1, 21, -15, -2, 1, 0, 18),
(1992, 1, 22, -15, -2, 1, 0, 18),
(1993, 1, 22, -16, -2, 1, 0, 18),
(1994, 1, 21, -16, -2, 1, 0, 18),
(1995, 1, 21, -17, -2, 1, 0, 18),
(1996, 1, 22, -17, -2, 1, 0, 18),
(1997, 1, 22, -18, -2, 1, 0, 18),
(1998, 1, 21, -18, -2, 1, 0, 18),
(1999, 1, 21, -19, -2, 1, 0, 18),
(2000, 1, 22, -19, -2, 1, 0, 18),
(2010, 1, 7, -22, -2, 2, 0, 18),
(2011, 1, 6, -22, -2, 2, 0, 18),
(2012, 1, 5, -22, -2, 2, 0, 18),
(2013, 1, 4, -22, -2, 2, 0, 18),
(2014, 1, 3, -22, -2, 2, 0, 18),
(2015, 1, 2, -22, -2, 2, 0, 18),
(2016, 1, 10, -21, -2, 1, 0, 18),
(2017, 1, 10, -22, -2, 1, 0, 18),
(2021, 1, 11, -22, -1, 2, 0, 18),
(2022, 1, 24, -11, -2, 2, 0, 1),
(2023, 1, 25, -11, -2, 2, 0, 1),
(2024, 1, 25, -12, -2, 0, 0, 1),
(2025, 1, 25, -10, -2, 0, 0, 1),
(2026, 1, 26, -11, -2, 0, 0, 1),
(2027, 1, 27, -11, -2, 0, 0, 1),
(2028, 1, 27, -10, -2, 0, 0, 1),
(2029, 1, 26, -10, -2, 0, 0, 1),
(2030, 1, 26, -12, -2, 0, 0, 1),
(2031, 1, 27, -12, -2, 0, 0, 1),
(2032, 1, 27, -13, -2, 3, 2, 4),
(2033, 1, 26, -13, -2, 3, 2, 4),
(2034, 1, 25, -13, -2, 3, 2, 4),
(2035, 1, 23, -12, -2, 2, 2, 4),
(2036, 1, 23, -10, -2, 2, 2, 4),
(2037, 1, 24, -11, -2, 1, 2, 4),
(2038, 1, 24, -11, -2, 3, 2, 4),
(2039, 1, 25, -10, -2, 0, 2, 4),
(2040, 1, 25, -10, -2, 3, 2, 4),
(2041, 1, 26, -10, -2, 3, 2, 4),
(2042, 1, 27, -10, -2, 3, 2, 4),
(2043, 1, 27, -10, -2, 2, 2, 4),
(2044, 1, 27, -11, -2, 2, 2, 4),
(2045, 1, 27, -12, -2, 2, 2, 4),
(2046, 1, 27, -12, -2, 1, 2, 4),
(2047, 1, 26, -12, -2, 1, 2, 4),
(2048, 1, 25, -12, -2, 1, 2, 4),
(2049, 1, 25, -12, -2, 0, 2, 4),
(2050, 1, 23, -9, -2, 2, 2, 4),
(2051, 1, 24, -8, -2, 1, 2, 4),
(2052, 1, 25, -8, -2, 1, 2, 4),
(2053, 1, 26, -8, -2, 1, 2, 4),
(2054, 1, 27, -8, -2, 1, 2, 4);
INSERT INTO `tiles` (`tile_id`, `map_id`, `steps_south`, `steps_east`, `steps_up`, `direction`, `tile_type`, `material_id`) VALUES
(2055, 1, 28, -8, -2, 1, 2, 4),
(2056, 1, 29, -9, -2, 0, 2, 4),
(2057, 1, 29, -10, -2, 0, 2, 4),
(2058, 1, 29, -11, -2, 0, 2, 4),
(2059, 1, 29, -12, -2, 0, 2, 4),
(2060, 1, 29, -13, -2, 0, 2, 4),
(2061, 1, 28, -14, -2, 3, 2, 4),
(2062, 1, 27, -14, -2, 3, 2, 4),
(2063, 1, 26, -14, -2, 3, 2, 4),
(2064, 1, 25, -14, -2, 3, 2, 4),
(2065, 1, 24, -14, -2, 3, 2, 4),
(2066, 1, 23, -13, -2, 2, 2, 4),
(2074, 1, 28, -12, -1, 3, 0, 5),
(2075, 1, 28, -11, -1, 3, 0, 5),
(2076, 1, 28, -10, -1, 3, 0, 5),
(2077, 1, 28, -13, -1, 0, 0, 5),
(2078, 1, 27, -13, -1, 0, 0, 5),
(2079, 1, 26, -13, -1, 0, 0, 5),
(2080, 1, 25, -13, -1, 0, 0, 5),
(2081, 1, 24, -13, -1, 3, 0, 5),
(2082, 1, 24, -12, -1, 3, 0, 5),
(2084, 1, 24, -10, -1, 3, 0, 5),
(2085, 1, 24, -9, -1, 2, 0, 5),
(2086, 1, 25, -9, -1, 2, 0, 5),
(2087, 1, 26, -9, -1, 2, 0, 5),
(2088, 1, 27, -9, -1, 2, 0, 5),
(2089, 1, 28, -9, -1, 2, 0, 5),
(2104, 1, 26, -14, -2, 2, 0, 18),
(2105, 1, 27, -14, -2, 2, 0, 18),
(2106, 1, 28, -14, -2, 2, 0, 18),
(2107, 1, 29, -14, -2, 2, 0, 18),
(2108, 1, 29, -15, -2, 1, 0, 18),
(2109, 1, 29, -16, -2, 1, 0, 18),
(2110, 1, 29, -17, -2, 1, 0, 18),
(2111, 1, 29, -18, -2, 1, 0, 18),
(2112, 1, 29, -19, -2, 1, 0, 18),
(2113, 1, 29, -20, -2, 0, 0, 18),
(2114, 1, 28, -20, -2, 0, 0, 18),
(2115, 1, 27, -20, -2, 0, 0, 18),
(2116, 1, 26, -20, -2, 0, 0, 18),
(2117, 1, 25, -20, -2, 0, 0, 18),
(2118, 1, 24, -20, -2, 0, 0, 18),
(2124, 1, 24, -22, -2, 0, 0, 18),
(2125, 1, 25, -22, -2, 0, 0, 18),
(2126, 1, 25, -21, -2, 0, 0, 18),
(2127, 1, 26, -21, -2, 3, 0, 18),
(2128, 1, 27, -21, -2, 2, 0, 18),
(2129, 1, 28, -21, -2, 2, 0, 18),
(2130, 1, 29, -21, -2, 2, 0, 18),
(2131, 1, 28, -19, -2, 3, 0, 18),
(2132, 1, 28, -18, -2, 3, 0, 18),
(2133, 1, 28, -17, -2, 3, 0, 18),
(2134, 1, 28, -16, -2, 3, 0, 18),
(2135, 1, 28, -15, -2, 3, 0, 18),
(2136, 1, 27, -15, -2, 3, 0, 18),
(2137, 1, 26, -15, -2, 3, 0, 18),
(2138, 1, 25, -15, -2, 0, 0, 18),
(2139, 1, 24, -15, -2, 0, 0, 18),
(2140, 1, 24, -16, -2, 0, 0, 18),
(2141, 1, 24, -17, -2, 0, 0, 18),
(2142, 1, 24, -18, -2, 1, 0, 18),
(2143, 1, 24, -19, -2, 1, 0, 18),
(2144, 1, 25, -19, -2, 2, 0, 18),
(2145, 1, 26, -19, -2, 2, 0, 18),
(2146, 1, 27, -19, -2, 2, 0, 18),
(2147, 1, 27, -18, -2, 3, 0, 18),
(2148, 1, 27, -17, -2, 3, 0, 18),
(2149, 1, 27, -16, -2, 3, 0, 18),
(2150, 1, 26, -16, -2, 0, 0, 18),
(2151, 1, 25, -16, -2, 0, 0, 18),
(2152, 1, 25, -17, -2, 1, 0, 18),
(2153, 1, 25, -18, -2, 1, 0, 18),
(2154, 1, 26, -18, -2, 1, 0, 18),
(2155, 1, 26, -17, -2, 3, 0, 18),
(2156, 1, 29, -13, -2, 3, 0, 18),
(2157, 1, 29, -12, -2, 3, 0, 18),
(2158, 1, 29, -11, -2, 3, 0, 18),
(2159, 1, 29, -10, -2, 3, 0, 18),
(2160, 1, 29, -9, -2, 3, 0, 18),
(2161, 1, 29, -8, -2, 3, 0, 18),
(2162, 1, 28, -8, -2, 0, 0, 18),
(2163, 1, 27, -8, -2, 0, 0, 18),
(2164, 1, 26, -8, -2, 0, 0, 18),
(2165, 1, 25, -8, -2, 0, 0, 18),
(2166, 1, 24, -8, -2, 0, 0, 18),
(2167, 1, 24, -7, -2, 2, 0, 18),
(2168, 1, 25, -7, -2, 2, 0, 18),
(2169, 1, 26, -7, -2, 2, 0, 18),
(2170, 1, 27, -7, -2, 2, 0, 18),
(2171, 1, 28, -7, -2, 2, 0, 18),
(2172, 1, 29, -7, -2, 2, 0, 18),
(2173, 1, 29, -6, -2, 3, 0, 18),
(2174, 1, 28, -6, -2, 0, 0, 18),
(2175, 1, 27, -6, -2, 0, 0, 18),
(2176, 1, 26, -6, -2, 0, 0, 18),
(2177, 1, 25, -6, -2, 0, 0, 18),
(2178, 1, 24, -6, -2, 0, 0, 18),
(2179, 1, 24, -5, -2, 2, 0, 18),
(2180, 1, 25, -5, -2, 2, 0, 18),
(2181, 1, 26, -5, -2, 2, 0, 18),
(2182, 1, 27, -5, -2, 2, 0, 18),
(2183, 1, 28, -5, -2, 2, 0, 18),
(2184, 1, 29, -5, -2, 2, 0, 18),
(2185, 1, 29, -4, -2, 3, 0, 18),
(2186, 1, 29, -3, -2, 3, 0, 18),
(2187, 1, 29, -2, -2, 3, 0, 18),
(2188, 1, 29, -1, -2, 3, 0, 18),
(2189, 1, 29, 0, -2, 3, 0, 18),
(2190, 1, 29, 1, -2, 3, 0, 18),
(2191, 1, 29, 2, -2, 3, 0, 18),
(2192, 1, 29, 3, -2, 3, 0, 18),
(2193, 1, 29, 4, -2, 3, 0, 18),
(2194, 1, 29, 5, -2, 3, 0, 18),
(2195, 1, 29, 6, -2, 3, 0, 18),
(2196, 1, 29, 7, -2, 3, 0, 18),
(2197, 1, 29, 8, -2, 0, 0, 18),
(2198, 1, 29, 9, -2, 0, 0, 18),
(2199, 1, 29, 10, -2, 0, 0, 18),
(2200, 1, 28, 10, -2, 0, 0, 18),
(2201, 1, 27, 10, -2, 0, 0, 18),
(2202, 1, 26, 10, -2, 0, 0, 18),
(2203, 1, 25, 10, -2, 0, 0, 18),
(2204, 1, 24, 10, -2, 0, 0, 18),
(2205, 1, 24, 9, -2, 1, 0, 18),
(2206, 1, 25, 9, -2, 1, 0, 18),
(2207, 1, 26, 9, -2, 1, 0, 18),
(2208, 1, 27, 9, -2, 1, 0, 18),
(2209, 1, 28, 9, -2, 1, 0, 18),
(2210, 1, 28, 8, -2, 1, 0, 18),
(2211, 1, 27, 8, -2, 1, 0, 18),
(2212, 1, 26, 8, -2, 1, 0, 18),
(2213, 1, 25, 8, -2, 1, 0, 18),
(2214, 1, 24, 8, -2, 1, 0, 18),
(2215, 1, 24, 7, -2, 1, 0, 18),
(2216, 1, 25, 7, -2, 1, 0, 18),
(2217, 1, 26, 7, -2, 1, 0, 18),
(2218, 1, 27, 7, -2, 1, 0, 18),
(2219, 1, 28, 7, -2, 1, 0, 18),
(2220, 1, 28, 6, -2, 1, 0, 18),
(2221, 1, 27, 6, -2, 1, 0, 18),
(2222, 1, 26, 6, -2, 1, 0, 18),
(2223, 1, 25, 6, -2, 1, 0, 18),
(2224, 1, 24, 6, -2, 1, 0, 18),
(2225, 1, 24, 5, -2, 1, 0, 18),
(2226, 1, 25, 5, -2, 1, 0, 18),
(2227, 1, 26, 5, -2, 1, 0, 18),
(2228, 1, 27, 5, -2, 1, 0, 18),
(2229, 1, 28, 5, -2, 1, 0, 18),
(2230, 1, 28, 4, -2, 1, 0, 18),
(2231, 1, 27, 4, -2, 1, 0, 18),
(2232, 1, 26, 4, -2, 1, 0, 18),
(2233, 1, 25, 4, -2, 1, 0, 18),
(2234, 1, 24, 4, -2, 1, 0, 18),
(2235, 1, 24, 3, -2, 1, 0, 18),
(2236, 1, 25, 3, -2, 1, 0, 18),
(2237, 1, 26, 3, -2, 1, 0, 18),
(2238, 1, 27, 3, -2, 1, 0, 18),
(2239, 1, 28, 3, -2, 1, 0, 18),
(2240, 1, 28, 2, -2, 1, 0, 18),
(2241, 1, 27, 2, -2, 1, 0, 18),
(2242, 1, 26, 2, -2, 1, 0, 18),
(2243, 1, 25, 2, -2, 1, 0, 18),
(2244, 1, 24, 2, -2, 1, 0, 18),
(2245, 1, 24, 1, -2, 1, 0, 18),
(2246, 1, 25, 1, -2, 1, 0, 18),
(2247, 1, 26, 1, -2, 1, 0, 18),
(2248, 1, 27, 1, -2, 1, 0, 18),
(2249, 1, 28, 1, -2, 1, 0, 18),
(2250, 1, 28, 0, -2, 1, 0, 18),
(2251, 1, 27, 0, -2, 1, 0, 18),
(2252, 1, 26, 0, -2, 1, 0, 18),
(2253, 1, 25, 0, -2, 1, 0, 18),
(2254, 1, 24, 0, -2, 1, 0, 18),
(2255, 1, 24, -1, -2, 1, 0, 18),
(2256, 1, 24, -2, -2, 1, 0, 18),
(2257, 1, 24, -3, -2, 1, 0, 18),
(2258, 1, 24, -4, -2, 1, 0, 18),
(2259, 1, 25, -3, -2, 2, 0, 1),
(2260, 1, 26, -3, -2, 2, 0, 1),
(2261, 1, 27, -3, -2, 2, 0, 1),
(2262, 1, 27, -2, -2, 3, 0, 1),
(2263, 1, 26, -2, -2, 3, 0, 1),
(2264, 1, 24, -2, -2, 2, 2, 4),
(2265, 1, 24, -1, -2, 2, 2, 4),
(2266, 1, 25, 0, -2, 1, 2, 4),
(2267, 1, 26, 0, -2, 1, 2, 4),
(2268, 1, 27, 0, -2, 1, 2, 4),
(2269, 1, 28, 0, -2, 1, 2, 4),
(2270, 1, 29, -1, -2, 0, 2, 4),
(2271, 1, 29, -2, -2, 0, 2, 4),
(2272, 1, 29, -3, -2, 0, 2, 4),
(2273, 1, 29, -4, -2, 0, 2, 4),
(2274, 1, 28, -5, -2, 3, 2, 4),
(2275, 1, 27, -5, -2, 3, 2, 4),
(2276, 1, 26, -5, -2, 3, 2, 4),
(2277, 1, 25, -5, -2, 3, 2, 4),
(2278, 1, 24, -4, -2, 2, 2, 4),
(2279, 1, 25, -3, -2, 1, 2, 4),
(2280, 1, 26, -3, -2, 1, 2, 4),
(2281, 1, 27, -3, -2, 1, 2, 4),
(2282, 1, 27, -3, -2, 2, 2, 4),
(2283, 1, 27, -2, -2, 2, 2, 4),
(2284, 1, 27, -2, -2, 3, 2, 4),
(2285, 1, 26, -2, -2, 3, 2, 4),
(2286, 1, 26, -2, -2, 0, 2, 4),
(2287, 1, 25, -3, -2, 3, 2, 4),
(2288, 1, 25, -4, -1, 2, 0, 5),
(2289, 1, 26, -4, -1, 2, 0, 5),
(2290, 1, 27, -4, -1, 2, 0, 5),
(2291, 1, 28, -4, -1, 2, 0, 5),
(2292, 1, 28, -3, -1, 3, 0, 5),
(2293, 1, 28, -2, -1, 3, 0, 5),
(2294, 1, 28, -1, -1, 3, 0, 5),
(2295, 1, 27, -1, -1, 0, 0, 5),
(2296, 1, 26, -1, -1, 0, 0, 5),
(2297, 1, 25, -1, -1, 0, 0, 5),
(2298, 1, 25, -2, -1, 1, 0, 5);

-- --------------------------------------------------------

--
-- Struktura tabulky `weather_effects`
--

CREATE TABLE IF NOT EXISTS `weather_effects` (
  `weather_effect_id` int(11) NOT NULL AUTO_INCREMENT,
  `effect_type` varchar(100) NOT NULL,
  `map_id` smallint(6) NOT NULL,
  `steps_south` smallint(6) NOT NULL,
  `steps_east` smallint(6) NOT NULL,
  `steps_up` smallint(6) NOT NULL,
  `size_south` tinyint(4) NOT NULL,
  `size_east` tinyint(4) NOT NULL,
  `size_up` smallint(6) NOT NULL,
  `intensity` tinyint(4) NOT NULL,
  `visibility` tinyint(4) NOT NULL,
  PRIMARY KEY (`weather_effect_id`)
) ENGINE=MyISAM  DEFAULT CHARSET=ascii AUTO_INCREMENT=3 ;

--
-- Vypisuji data pro tabulku `weather_effects`
--

INSERT INTO `weather_effects` (`weather_effect_id`, `effect_type`, `map_id`, `steps_south`, `steps_east`, `steps_up`, `size_south`, `size_east`, `size_up`, `intensity`, `visibility`) VALUES
(1, 'Snow', 1, 0, -16, 0, 4, 8, 2, 20, 3),
(2, 'Rain', 1, 1, 1, 0, 2, 3, 2, 3, 5);

/*!40101 SET CHARACTER_SET_CLIENT=@OLD_CHARACTER_SET_CLIENT */;
/*!40101 SET CHARACTER_SET_RESULTS=@OLD_CHARACTER_SET_RESULTS */;
/*!40101 SET COLLATION_CONNECTION=@OLD_COLLATION_CONNECTION */;
