-- phpMyAdmin SQL Dump
-- version 3.5.2.2
-- http://www.phpmyadmin.net
--
-- Počítač: 127.0.0.1
-- Vygenerováno: Pon 11. lis 2013, 04:15
-- Verze MySQL: 5.5.27
-- Verze PHP: 5.4.7

SET SQL_MODE="NO_AUTO_VALUE_ON_ZERO";
SET time_zone = "+00:00";


/*!40101 SET @OLD_CHARACTER_SET_CLIENT=@@CHARACTER_SET_CLIENT */;
/*!40101 SET @OLD_CHARACTER_SET_RESULTS=@@CHARACTER_SET_RESULTS */;
/*!40101 SET @OLD_COLLATION_CONNECTION=@@COLLATION_CONNECTION */;
/*!40101 SET NAMES utf8 */;

--
-- Databáze: `ghobok`
--

-- --------------------------------------------------------

--
-- Struktura tabulky `maps`
--

CREATE TABLE IF NOT EXISTS `maps` (
  `map_id` smallint(6) NOT NULL AUTO_INCREMENT,
  `map_name` varchar(50) NOT NULL,
  PRIMARY KEY (`map_id`)
) ENGINE=MyISAM  DEFAULT CHARSET=ascii AUTO_INCREMENT=2 ;

--
-- Vypisuji data pro tabulku `maps`
--

INSERT INTO `maps` (`map_id`, `map_name`) VALUES
(1, 'Map number 1');

-- --------------------------------------------------------

--
-- Struktura tabulky `map_objects`
--

CREATE TABLE IF NOT EXISTS `map_objects` (
  `map_object_id` int(11) NOT NULL AUTO_INCREMENT,
  `map_id` smallint(6) NOT NULL,
  `object_id` int(11) NOT NULL,
  `steps_up` smallint(6) NOT NULL,
  `steps_east` smallint(6) NOT NULL,
  `steps_south` smallint(6) NOT NULL,
  `position_x` int(11) NOT NULL DEFAULT '0',
  `position_y` int(11) NOT NULL DEFAULT '0',
  `position_z` int(11) NOT NULL DEFAULT '0',
  `rotation_x` float NOT NULL DEFAULT '0',
  `rotation_y` float NOT NULL DEFAULT '0',
  `rotation_z` float NOT NULL DEFAULT '0',
  `scale` float NOT NULL DEFAULT '1',
  PRIMARY KEY (`map_object_id`)
) ENGINE=MyISAM  DEFAULT CHARSET=ascii AUTO_INCREMENT=6 ;

--
-- Vypisuji data pro tabulku `map_objects`
--

INSERT INTO `map_objects` (`map_object_id`, `map_id`, `object_id`, `steps_up`, `steps_east`, `steps_south`, `position_x`, `position_y`, `position_z`, `rotation_x`, `rotation_y`, `rotation_z`, `scale`) VALUES
(1, 1, 1, 0, 0, 2, -270, 100, -130, -0.35, 0, 0, 1.5),
(2, 1, 1, 0, 0, 2, -270, 100, 130, 0.35, 3.1415, 0, 1.5),
(3, 1, 2, 0, -4, 3, 100, -160, 0, 0, 1.57, 0, 2),
(4, 1, 3, 0, -18, 1, 0, -150, 0, 0, 1.57, 0, 3),
(5, 1, 4, 0, -12, 1, 0, -150, 0, 0, 1.57, 0, 5);

-- --------------------------------------------------------

--
-- Struktura tabulky `materials`
--

CREATE TABLE IF NOT EXISTS `materials` (
  `material_id` smallint(6) NOT NULL AUTO_INCREMENT,
  `texture_image` varchar(50) NOT NULL,
  `material_category_id` smallint(6) DEFAULT '0',
  PRIMARY KEY (`material_id`)
) ENGINE=MyISAM  DEFAULT CHARSET=ascii AUTO_INCREMENT=18 ;

--
-- Vypisuji data pro tabulku `materials`
--

INSERT INTO `materials` (`material_id`, `texture_image`, `material_category_id`) VALUES
(1, 'wall-rock.png', 0),
(2, 'wall-rock2.jpg', 0),
(3, 'wall-brick.jpg', 5),
(4, 'wall-rock3.jpg', 0),
(5, 'floor-grass1.jpg', 1),
(6, 'wall-rock4.jpg', 0),
(7, 'floor-lava1.jpg', 6),
(8, 'floor-rock1.jpg', 0),
(9, 'wall-rock-cracks.jpg', 0),
(10, 'wall-mossyrock2.jpg', 0),
(11, 'hud_background.jpg', 1),
(12, 'floor-water.gif', 0),
(13, 'floor-sand1.jpg', 0),
(14, '13037687-blue-marble-texture-high-resolution_5.jpg', 2),
(16, 'pebbles_texture.jpg', 4),
(17, 'Seamless long green grass ground texture.jpg', 1);

-- --------------------------------------------------------

--
-- Struktura tabulky `material_categories`
--

CREATE TABLE IF NOT EXISTS `material_categories` (
  `material_category_id` smallint(6) NOT NULL AUTO_INCREMENT,
  `category_name` varchar(200) NOT NULL,
  PRIMARY KEY (`material_category_id`)
) ENGINE=MyISAM  DEFAULT CHARSET=ascii AUTO_INCREMENT=7 ;

--
-- Vypisuji data pro tabulku `material_categories`
--

INSERT INTO `material_categories` (`material_category_id`, `category_name`) VALUES
(1, 'Floors - Grass'),
(2, 'Walls - Rock'),
(0, '_Unsorted'),
(4, 'Floor - Rock'),
(5, 'Walls - Brick'),
(6, 'Lava');

-- --------------------------------------------------------

--
-- Struktura tabulky `objects`
--

CREATE TABLE IF NOT EXISTS `objects` (
  `object_id` int(11) NOT NULL AUTO_INCREMENT,
  `object_type` tinyint(4) NOT NULL,
  `object_model` varchar(200) NOT NULL,
  `default_scale` float NOT NULL DEFAULT '1',
  `default_position_x` int(11) NOT NULL DEFAULT '0',
  `default_position_y` int(11) NOT NULL DEFAULT '0',
  `default_position_z` int(11) NOT NULL DEFAULT '0',
  `default_rotation_x` int(11) NOT NULL DEFAULT '0',
  `default_rotation_y` int(11) NOT NULL DEFAULT '0',
  `default_rotation_z` int(11) NOT NULL DEFAULT '0',
  `object_name` varchar(100) NOT NULL,
  `object_category_id` tinyint(4) NOT NULL,
  `material_id` smallint(6) NOT NULL,
  PRIMARY KEY (`object_id`)
) ENGINE=MyISAM  DEFAULT CHARSET=ascii AUTO_INCREMENT=5 ;

--
-- Vypisuji data pro tabulku `objects`
--

INSERT INTO `objects` (`object_id`, `object_type`, `object_model`, `default_scale`, `default_position_x`, `default_position_y`, `default_position_z`, `default_rotation_x`, `default_rotation_y`, `default_rotation_z`, `object_name`, `object_category_id`, `material_id`) VALUES
(1, 0, 'horse.js', 1, 0, -300, 0, 0, 0, 0, 'Horse', 1, 1),
(2, 0, 'bearBlack.js', 1, 0, 0, 0, 0, 0, 0, 'Bear', 1, 14),
(3, 0, 'octo_black.js', 3, 0, -300, 0, 0, 0, 0, 'Spider', 1, 0),
(4, 0, 'mountainlion.js', 1, 0, -300, 0, 0, 0, 0, 'Lion', 1, 6);

-- --------------------------------------------------------

--
-- Struktura tabulky `object_categories`
--

CREATE TABLE IF NOT EXISTS `object_categories` (
  `object_category_id` tinyint(4) NOT NULL AUTO_INCREMENT,
  `category_name` varchar(200) NOT NULL,
  PRIMARY KEY (`object_category_id`)
) ENGINE=MyISAM  DEFAULT CHARSET=ascii AUTO_INCREMENT=3 ;

--
-- Vypisuji data pro tabulku `object_categories`
--

INSERT INTO `object_categories` (`object_category_id`, `category_name`) VALUES
(1, 'Animal Statues'),
(2, 'Fires');

-- --------------------------------------------------------

--
-- Struktura tabulky `tiles`
--

CREATE TABLE IF NOT EXISTS `tiles` (
  `tile_id` int(11) NOT NULL AUTO_INCREMENT,
  `map_id` smallint(6) NOT NULL,
  `steps_south` smallint(6) NOT NULL,
  `steps_east` smallint(6) NOT NULL,
  `steps_up` smallint(6) NOT NULL DEFAULT '0',
  `direction` tinyint(4) NOT NULL,
  `tile_type` tinyint(4) NOT NULL,
  `material_id` smallint(6) NOT NULL,
  PRIMARY KEY (`tile_id`),
  KEY `map_id` (`map_id`)
) ENGINE=MyISAM  DEFAULT CHARSET=ascii AUTO_INCREMENT=1510 ;

--
-- Vypisuji data pro tabulku `tiles`
--

INSERT INTO `tiles` (`tile_id`, `map_id`, `steps_south`, `steps_east`, `steps_up`, `direction`, `tile_type`, `material_id`) VALUES
(313, 1, 5, 4, 0, 0, 0, 1),
(284, 1, 0, -5, 0, 1, 0, 1),
(283, 1, 0, -4, 0, 1, 0, 1),
(206, 1, 0, -2, 0, 1, 1, 4),
(303, 1, 4, 0, 0, 2, 0, 1),
(398, 1, 5, -7, 0, 2, 0, 1),
(598, 1, 8, 5, 0, 0, 2, 4),
(8, 1, 3, 2, 0, 0, 0, 1),
(9, 1, 3, 1, 0, 0, 0, 1),
(255, 1, 0, 0, 0, 1, 0, 1),
(11, 1, 2, 4, 0, 0, 0, 1),
(12, 1, 2, 3, 0, 0, 0, 1),
(13, 1, 2, 2, 0, 0, 0, 1),
(14, 1, 2, 1, 0, 0, 0, 1),
(311, 1, 6, 2, 0, 3, 0, 1),
(16, 1, 1, 5, 0, 0, 0, 1),
(17, 1, 1, 4, 0, 0, 0, 1),
(18, 1, 1, 3, 0, 0, 0, 1),
(19, 1, 1, 2, 0, 0, 0, 1),
(20, 1, 1, 1, 0, 0, 0, 1),
(312, 1, 6, 4, 0, 3, 0, 1),
(341, 1, 6, 5, 0, 2, 2, 4),
(594, 1, 8, 1, 0, 0, 2, 4),
(282, 1, 0, -3, 0, 1, 0, 1),
(285, 1, 0, -6, 0, 1, 0, 1),
(290, 1, 0, 3, 0, 3, 1, 4),
(27, 1, 0, 1, 0, 0, 0, 1),
(207, 1, 0, -3, 0, 1, 1, 4),
(210, 1, 0, -6, 0, 1, 1, 4),
(220, 1, 0, -4, 0, 2, 2, 4),
(208, 1, 0, -4, 0, 1, 1, 4),
(168, 1, 6, 0, 0, 1, 2, 4),
(167, 1, 5, 0, 0, 1, 2, 4),
(256, 1, 1, 0, 0, 2, 0, 1),
(300, 1, 1, 0, 0, 2, 1, 4),
(1012, 1, 2, 2, 1, 2, 2, 4),
(294, 1, 3, 2, 0, 3, 1, 4),
(203, 1, 5, 0, 0, 2, 1, 4),
(165, 1, 3, 0, 0, 1, 2, 4),
(1019, 1, 2, 1, 1, 1, 2, 4),
(293, 1, 3, 1, 0, 3, 1, 4),
(288, 1, 1, 4, 0, 3, 1, 4),
(162, 1, 1, 0, 0, 1, 2, 4),
(289, 1, 0, 4, 0, 3, 1, 4),
(299, 1, 0, 0, 0, 2, 1, 4),
(259, 1, 3, 1, 0, 2, 2, 4),
(164, 1, 2, 0, 0, 1, 2, 4),
(166, 1, 4, 0, 0, 1, 2, 4),
(295, 1, 3, 3, 0, 3, 1, 4),
(281, 1, 0, -2, 0, 1, 0, 1),
(260, 1, 3, 2, 0, 2, 2, 4),
(1021, 1, 1, 1, 1, 0, 2, 4),
(286, 1, 3, 3, 0, 2, 0, 1),
(287, 1, 1, 5, 0, 3, 1, 4),
(291, 1, 0, 2, 0, 3, 1, 4),
(292, 1, 0, 1, 0, 3, 1, 4),
(226, 1, 0, -5, 0, 0, 2, 4),
(591, 1, 6, 0, 0, 2, 2, 4),
(592, 1, 6, 1, 0, 3, 1, 4),
(309, 1, 5, 3, 0, 0, 0, 1),
(308, 1, 6, 3, 0, 0, 0, 1),
(400, 1, 6, -6, 0, 3, 0, 1),
(469, 1, 5, -2, 0, 3, 2, 4),
(209, 1, 0, -5, 0, 1, 1, 4),
(222, 1, 0, -2, 0, 2, 2, 4),
(223, 1, 0, -2, 0, 0, 2, 4),
(205, 1, 0, -1, 0, 1, 1, 4),
(262, 1, 3, 3, 0, 3, 2, 4),
(245, 1, 4, 0, 0, 3, 2, 4),
(263, 1, 2, 4, 0, 2, 2, 4),
(243, 1, 0, -1, 0, 2, 2, 4),
(221, 1, 0, -3, 0, 2, 2, 4),
(204, 1, 6, 0, 0, 2, 1, 4),
(261, 1, 3, 3, 0, 2, 2, 4),
(244, 1, 0, -1, 0, 0, 2, 4),
(265, 1, 1, 5, 0, 2, 2, 4),
(267, 1, 1, 5, 0, 0, 2, 4),
(322, 1, 6, 4, 0, 2, 2, 4),
(590, 1, 6, 1, 0, 2, 2, 4),
(269, 1, 0, 4, 0, 0, 2, 4),
(270, 1, 0, 3, 0, 0, 2, 4),
(271, 1, 0, 2, 0, 0, 2, 4),
(272, 1, 0, 1, 0, 0, 2, 4),
(316, 1, 5, 2, 0, 1, 2, 4),
(339, 1, 6, 5, 0, 3, 0, 7),
(586, 1, 6, 1, 0, 2, 0, 1),
(217, 1, 0, -6, 0, 0, 2, 4),
(218, 1, 0, -6, 0, 2, 2, 4),
(1011, 1, 2, 3, 1, 2, 2, 4),
(1020, 1, 1, 1, 1, 1, 2, 4),
(279, 1, 2, 4, 0, 1, 1, 4),
(1010, 1, 2, 3, 1, 3, 2, 4),
(280, 1, 0, -1, 0, 1, 0, 1),
(320, 1, 5, 4, 0, 3, 2, 4),
(319, 1, 5, 4, 0, 0, 2, 4),
(329, 1, 5, 2, 0, 0, 1, 4),
(589, 1, 6, 2, 0, 2, 2, 4),
(333, 1, 6, 3, 0, 2, 1, 4),
(330, 1, 5, 3, 0, 3, 1, 4),
(332, 1, 6, 4, 0, 2, 1, 4),
(331, 1, 5, 4, 0, 3, 1, 4),
(595, 1, 8, 2, 0, 0, 2, 4),
(588, 1, 6, 3, 0, 2, 2, 4),
(342, 1, 6, 6, 0, 2, 2, 4),
(264, 1, 2, 4, 0, 3, 2, 4),
(343, 1, 6, 6, 0, 3, 2, 4),
(599, 1, 8, 6, 0, 0, 2, 4),
(252, 1, 0, 2, 0, 3, 0, 1),
(273, 1, 0, 0, 0, 0, 2, 4),
(274, 1, 3, 0, 0, 2, 1, 4),
(275, 1, 2, 0, 0, 2, 1, 4),
(302, 1, 5, 0, 0, 2, 0, 1),
(597, 1, 8, 4, 0, 0, 2, 4),
(268, 1, 0, 4, 0, 3, 2, 4),
(301, 1, 6, 0, 0, 2, 0, 1),
(317, 1, 5, 2, 0, 0, 2, 4),
(246, 1, 5, 0, 0, 3, 2, 4),
(253, 1, 0, 3, 0, 3, 0, 1),
(340, 1, 6, 6, 0, 3, 0, 7),
(587, 1, 6, 1, 0, 0, 2, 4),
(602, 1, 6, 8, 0, 1, 2, 4),
(202, 1, 4, 0, 0, 2, 1, 4),
(346, 1, 6, 5, 0, 3, 1, 4),
(344, 1, 6, 6, 0, 0, 2, 4),
(347, 1, 6, 6, 0, 3, 1, 4),
(345, 1, 6, 5, 0, 0, 2, 4),
(593, 1, 8, 0, 0, 0, 2, 4),
(266, 1, 1, 5, 0, 3, 2, 4),
(596, 1, 8, 3, 0, 0, 2, 4),
(318, 1, 5, 3, 0, 0, 2, 4),
(402, 1, 6, -4, 0, 3, 0, 1),
(470, 1, 6, -2, 0, 3, 2, 4),
(349, 1, 1, -7, 0, 0, 1, 4),
(350, 1, 2, -7, 0, 0, 1, 4),
(348, 1, 0, -7, 0, 3, 1, 4),
(336, 1, 6, 2, 0, 0, 1, 4),
(254, 1, 0, 4, 0, 3, 0, 1),
(258, 1, 3, 0, 0, 2, 0, 1),
(257, 1, 2, 0, 0, 2, 0, 1),
(224, 1, 0, -3, 0, 0, 2, 4),
(353, 1, 0, -7, 0, 0, 2, 4),
(219, 1, 0, -5, 0, 2, 2, 4),
(351, 1, 2, -7, 0, 3, 2, 4),
(355, 1, 1, -7, 0, 1, 2, 4),
(352, 1, 1, -7, 0, 3, 2, 4),
(354, 1, 0, -7, 0, 1, 2, 4),
(357, 1, 0, -7, 0, 0, 0, 1),
(401, 1, 6, -5, 0, 3, 0, 1),
(356, 1, 2, -7, 0, 1, 2, 4),
(359, 1, 2, -7, 0, 0, 0, 1),
(358, 1, 1, -7, 0, 0, 0, 1),
(600, 1, 8, 7, 0, 0, 2, 4),
(601, 1, 7, 8, 0, 1, 2, 4),
(310, 1, 5, 2, 0, 1, 0, 1),
(225, 1, 0, -4, 0, 0, 2, 4),
(406, 1, 4, -2, 0, 0, 0, 1),
(405, 1, 5, -2, 0, 0, 0, 1),
(404, 1, 6, -2, 0, 3, 0, 1),
(403, 1, 6, -3, 0, 3, 0, 1),
(471, 1, 6, -2, 0, 2, 2, 4),
(479, 1, 3, -8, 0, 1, 0, 16),
(473, 1, 5, -7, 0, 1, 2, 4),
(474, 1, 4, -7, 0, 1, 2, 4),
(397, 1, 4, -7, 0, 2, 0, 1),
(396, 1, 3, -7, 0, 2, 0, 1),
(399, 1, 6, -7, 0, 2, 0, 1),
(407, 1, 3, -2, 0, 0, 0, 1),
(408, 1, 2, -2, 0, 0, 0, 1),
(409, 1, 2, -3, 0, 1, 0, 1),
(410, 1, 2, -4, 0, 1, 0, 1),
(411, 1, 3, -3, 0, 1, 0, 1),
(1509, 1, 3, -4, 0, 3, 0, 14),
(413, 1, 3, -5, 0, 1, 0, 1),
(414, 1, 2, -5, 0, 0, 0, 1),
(1043, 1, 5, -9, 0, 3, 0, 17),
(416, 1, 4, -5, 0, 2, 0, 1),
(417, 1, 4, -4, 0, 3, 0, 1),
(418, 1, 4, -3, 0, 3, 0, 1),
(1504, 1, 3, -2, 0, 3, 2, 1),
(1497, 1, 4, -4, 0, 2, 2, 1),
(1496, 1, 4, -3, 0, 2, 2, 1),
(1508, 1, 4, -5, 0, 1, 2, 1),
(1506, 1, 2, -5, 0, 1, 2, 1),
(1507, 1, 3, -5, 0, 1, 2, 1),
(1500, 1, 2, -4, 0, 0, 2, 1),
(1499, 1, 2, -5, 0, 0, 2, 1),
(1498, 1, 4, -5, 0, 2, 2, 1),
(1501, 1, 2, -3, 0, 0, 2, 1),
(1502, 1, 2, -2, 0, 0, 2, 1),
(1503, 1, 2, -2, 0, 3, 2, 1),
(1505, 1, 4, -2, 0, 3, 2, 1),
(476, 1, 3, -7, 0, 3, 2, 4),
(477, 1, 4, -7, 0, 3, 2, 4),
(480, 1, 3, -9, 0, 1, 0, 16),
(478, 1, 5, -7, 0, 3, 2, 4),
(472, 1, 6, -3, 0, 2, 2, 4),
(437, 1, 3, -7, 0, 2, 1, 4),
(438, 1, 4, -7, 0, 2, 1, 4),
(439, 1, 5, -7, 0, 2, 1, 4),
(440, 1, 6, -7, 0, 2, 1, 4),
(441, 1, 6, -6, 0, 3, 1, 4),
(442, 1, 6, -5, 0, 3, 1, 4),
(443, 1, 6, -4, 0, 3, 1, 4),
(444, 1, 6, -3, 0, 3, 1, 4),
(445, 1, 6, -2, 0, 3, 1, 4),
(446, 1, 5, -2, 0, 0, 1, 4),
(447, 1, 4, -2, 0, 0, 1, 4),
(448, 1, 3, -2, 0, 0, 1, 4),
(449, 1, 2, -2, 0, 0, 1, 4),
(450, 1, 2, -3, 0, 1, 1, 4),
(451, 1, 2, -4, 0, 1, 1, 4),
(452, 1, 2, -5, 0, 1, 1, 4),
(453, 1, 3, -5, 0, 2, 1, 4),
(454, 1, 4, -5, 0, 2, 1, 4),
(455, 1, 4, -4, 0, 3, 1, 4),
(456, 1, 4, -3, 0, 3, 1, 4),
(457, 1, 3, -3, 0, 0, 1, 4),
(458, 1, 3, -4, 0, 2, 1, 4),
(459, 1, 6, -7, 0, 1, 2, 4),
(460, 1, 6, -7, 0, 2, 2, 4),
(461, 1, 6, -6, 0, 2, 2, 4),
(462, 1, 6, -5, 0, 2, 2, 4),
(463, 1, 6, -4, 0, 2, 2, 4),
(464, 1, 5, -2, 0, 1, 2, 4),
(465, 1, 6, -3, 0, 0, 2, 4),
(466, 1, 6, -4, 0, 0, 2, 4),
(467, 1, 6, -5, 0, 0, 2, 4),
(468, 1, 6, -6, 0, 0, 2, 4),
(481, 1, 3, -10, 0, 1, 0, 16),
(482, 1, 3, -11, 0, 1, 0, 16),
(483, 1, 3, -12, 0, 1, 0, 16),
(484, 1, 3, -13, 0, 1, 0, 16),
(485, 1, 3, -14, 0, 1, 0, 16),
(486, 1, 3, -15, 0, 1, 0, 16),
(487, 1, 3, -16, 0, 1, 0, 16),
(488, 1, 2, -9, 0, 1, 0, 16),
(489, 1, 2, -10, 0, 1, 0, 16),
(490, 1, 2, -11, 0, 1, 0, 16),
(491, 1, 2, -12, 0, 1, 0, 16),
(492, 1, 2, -13, 0, 1, 0, 16),
(493, 1, 2, -14, 0, 1, 0, 16),
(494, 1, 2, -15, 0, 1, 0, 16),
(495, 1, 2, -16, 0, 1, 0, 16),
(496, 1, 1, -16, 0, 1, 0, 16),
(497, 1, 1, -15, 0, 1, 0, 16),
(498, 1, 1, -14, 0, 1, 0, 16),
(499, 1, 1, -13, 0, 1, 0, 16),
(500, 1, 1, -12, 0, 1, 0, 16),
(501, 1, 1, -11, 0, 1, 0, 16),
(502, 1, 1, -10, 0, 1, 0, 16),
(503, 1, 1, -9, 0, 1, 0, 16),
(519, 1, 0, -9, 0, 0, 2, 4),
(505, 1, 0, -9, 0, 1, 0, 16),
(506, 1, 0, -10, 0, 1, 0, 16),
(507, 1, 0, -11, 0, 1, 0, 16),
(508, 1, 0, -12, 0, 1, 0, 16),
(509, 1, 0, -13, 0, 1, 0, 16),
(510, 1, 0, -14, 0, 1, 0, 16),
(511, 1, 0, -15, 0, 1, 0, 16),
(512, 1, 0, -16, 0, 1, 0, 16),
(1018, 1, 2, 1, 1, 2, 2, 4),
(542, 1, 0, -11, 0, 0, 2, 4),
(541, 1, 0, -10, 0, 0, 2, 4),
(518, 1, 0, -9, 0, 3, 2, 4),
(520, 1, 1, -9, 0, 3, 2, 4),
(521, 1, 2, -9, 0, 3, 2, 4),
(522, 1, 3, -8, 0, 0, 2, 4),
(523, 1, 3, -8, 0, 2, 2, 4),
(524, 1, 3, -9, 0, 2, 2, 4),
(525, 1, 3, -10, 0, 2, 2, 4),
(526, 1, 3, -11, 0, 2, 2, 4),
(527, 1, 2, -9, 1, 3, 2, 4),
(528, 1, 1, -9, 1, 3, 2, 4),
(529, 1, 0, -9, 1, 3, 2, 4),
(530, 1, 0, -9, 1, 0, 2, 4),
(536, 1, 3, -11, 1, 2, 2, 4),
(537, 1, 3, -10, 1, 2, 2, 4),
(538, 1, 3, -9, 1, 2, 2, 4),
(1008, 1, 3, -9, 1, 3, 2, 4),
(1009, 1, 3, -8, 0, 3, 1, 4),
(543, 1, 0, -12, 0, 0, 2, 4),
(544, 1, 0, -13, 0, 0, 2, 4),
(545, 1, 0, -14, 0, 0, 2, 4),
(546, 1, 0, -15, 0, 0, 2, 4),
(547, 1, 0, -16, 0, 0, 2, 4),
(548, 1, 0, -16, 0, 1, 2, 4),
(1494, 1, 2, -21, -2, 3, 0, 17),
(551, 1, 3, -16, 0, 1, 2, 4),
(552, 1, 3, -16, 0, 2, 2, 4),
(553, 1, 3, -15, 0, 2, 2, 4),
(554, 1, 3, -14, 0, 2, 2, 4),
(555, 1, 3, -13, 0, 2, 2, 4),
(556, 1, 3, -12, 0, 2, 2, 4),
(557, 1, 3, -12, 1, 2, 2, 4),
(558, 1, 3, -13, 1, 2, 2, 4),
(559, 1, 3, -14, 1, 2, 2, 4),
(560, 1, 3, -15, 1, 2, 2, 4),
(561, 1, 3, -16, 1, 2, 2, 4),
(562, 1, 3, -16, 1, 1, 2, 4),
(563, 1, 2, -16, 1, 1, 2, 4),
(564, 1, 1, -16, 1, 1, 2, 4),
(565, 1, 0, -16, 1, 1, 2, 4),
(566, 1, 0, -16, 1, 0, 2, 4),
(567, 1, 0, -15, 1, 0, 2, 4),
(568, 1, 0, -14, 1, 0, 2, 4),
(569, 1, 0, -13, 1, 0, 2, 4),
(570, 1, 0, -12, 1, 0, 2, 4),
(571, 1, 0, -11, 1, 0, 2, 4),
(572, 1, 0, -10, 1, 0, 2, 4),
(573, 1, 5, -9, 0, 3, 2, 4),
(574, 1, 5, -9, 0, 0, 2, 4),
(575, 1, 5, -10, 0, 0, 2, 4),
(576, 1, 6, -9, 0, 3, 2, 4),
(577, 1, 7, -9, 0, 3, 2, 4),
(578, 1, 8, -8, 0, 0, 2, 4),
(579, 1, 8, -7, 0, 0, 2, 4),
(580, 1, 8, -6, 0, 0, 2, 4),
(581, 1, 8, -5, 0, 0, 2, 4),
(582, 1, 8, -4, 0, 0, 2, 4),
(583, 1, 8, -3, 0, 0, 2, 4),
(584, 1, 8, -2, 0, 0, 2, 4),
(585, 1, 8, -1, 0, 0, 2, 4),
(603, 1, 5, 8, 0, 1, 2, 4),
(604, 1, 4, 8, 0, 1, 2, 4),
(605, 1, 3, 8, 0, 1, 2, 4),
(606, 1, 2, 8, 0, 1, 2, 4),
(607, 1, 1, 8, 0, 1, 2, 4),
(608, 1, 0, 8, 0, 1, 2, 4),
(609, 1, -1, 8, 0, 1, 2, 4),
(1037, 1, 5, -15, 0, 3, 0, 17),
(1038, 1, 5, -14, 0, 3, 0, 17),
(1039, 1, 5, -13, 0, 3, 0, 17),
(613, 1, -2, 7, 0, 2, 2, 4),
(614, 1, -2, 6, 0, 2, 2, 4),
(615, 1, -2, 5, 0, 2, 2, 4),
(616, 1, -2, 4, 0, 2, 2, 4),
(617, 1, -2, 3, 0, 2, 2, 4),
(618, 1, -2, 2, 0, 2, 2, 4),
(619, 1, -2, 1, 0, 2, 2, 4),
(620, 1, -2, 0, 0, 2, 2, 4),
(621, 1, -2, -1, 0, 2, 2, 4),
(622, 1, -2, -2, 0, 2, 2, 4),
(623, 1, -2, -3, 0, 2, 2, 4),
(624, 1, -2, -4, 0, 2, 2, 4),
(625, 1, -2, -5, 0, 2, 2, 4),
(626, 1, -2, -6, 0, 2, 2, 4),
(627, 1, -2, -7, 0, 2, 2, 4),
(1042, 1, 5, -10, 0, 3, 0, 17),
(629, 1, -2, -8, 0, 2, 2, 4),
(1041, 1, 5, -11, 0, 3, 0, 17),
(631, 1, -2, -8, 1, 2, 2, 4),
(632, 1, -2, -7, 1, 2, 2, 4),
(633, 1, -2, -6, 1, 2, 2, 4),
(634, 1, -2, -5, 1, 2, 2, 4),
(635, 1, -2, -4, 1, 2, 2, 4),
(636, 1, -2, -3, 1, 2, 2, 4),
(637, 1, -2, -2, 1, 2, 2, 4),
(638, 1, -2, -1, 1, 2, 2, 4),
(639, 1, -2, 0, 1, 2, 2, 4),
(640, 1, -2, 1, 1, 2, 2, 4),
(641, 1, -2, 2, 1, 2, 2, 4),
(642, 1, -2, 3, 1, 2, 2, 4),
(643, 1, -2, 4, 1, 2, 2, 4),
(644, 1, -2, 5, 1, 2, 2, 4),
(645, 1, -2, 6, 1, 2, 2, 4),
(646, 1, -2, 7, 1, 2, 2, 4),
(647, 1, -1, 8, 1, 1, 2, 4),
(648, 1, 0, 8, 1, 1, 2, 4),
(649, 1, 1, 8, 1, 1, 2, 4),
(650, 1, 2, 8, 1, 1, 2, 4),
(651, 1, 3, 8, 1, 1, 2, 4),
(652, 1, 4, 8, 1, 1, 2, 4),
(653, 1, 5, 8, 1, 1, 2, 4),
(654, 1, 6, 8, 1, 1, 2, 4),
(655, 1, 7, 8, 1, 1, 2, 4),
(656, 1, 8, 7, 1, 0, 2, 4),
(657, 1, 8, 6, 1, 0, 2, 4),
(658, 1, 8, 5, 1, 0, 2, 4),
(659, 1, 8, 4, 1, 0, 2, 4),
(660, 1, 8, 3, 1, 0, 2, 4),
(661, 1, 8, 2, 1, 0, 2, 4),
(662, 1, 8, 1, 1, 0, 2, 4),
(663, 1, 8, 0, 1, 0, 2, 4),
(664, 1, 8, -1, 1, 0, 2, 4),
(665, 1, 8, -2, 1, 0, 2, 4),
(666, 1, 8, -3, 1, 0, 2, 4),
(667, 1, 8, -4, 1, 0, 2, 4),
(668, 1, 8, -5, 1, 0, 2, 4),
(669, 1, 8, -6, 1, 0, 2, 4),
(670, 1, 8, -7, 1, 0, 2, 4),
(671, 1, 8, -8, 1, 0, 2, 4),
(672, 1, 7, -9, 1, 3, 2, 4),
(673, 1, 6, -9, 1, 3, 2, 4),
(674, 1, 5, -9, 1, 3, 2, 4),
(675, 1, 5, -9, 1, 0, 2, 4),
(676, 1, 5, -10, 1, 0, 2, 4),
(677, 1, 5, 7, 2, 1, 2, 4),
(678, 1, 4, 7, 2, 1, 2, 4),
(679, 1, 3, 7, 2, 1, 2, 4),
(680, 1, 2, 7, 2, 1, 2, 4),
(681, 1, 1, 7, 2, 1, 2, 4),
(682, 1, 0, 7, 2, 1, 2, 4),
(683, 1, -1, 6, 2, 2, 2, 4),
(684, 1, -1, 5, 2, 2, 2, 4),
(685, 1, -1, 4, 2, 2, 2, 4),
(686, 1, -1, 3, 2, 2, 2, 4),
(687, 1, -1, 2, 2, 2, 2, 4),
(688, 1, -1, 1, 2, 2, 2, 4),
(689, 1, -1, 0, 2, 2, 2, 4),
(690, 1, -1, -1, 2, 2, 2, 4),
(691, 1, -1, -2, 2, 2, 2, 4),
(692, 1, -1, -3, 2, 2, 2, 4),
(693, 1, -1, -4, 2, 2, 2, 4),
(694, 1, -1, -5, 2, 2, 2, 4),
(695, 1, -1, -6, 2, 2, 2, 4),
(696, 1, -1, -7, 2, 2, 2, 4),
(697, 1, 0, -8, 2, 3, 2, 4),
(698, 1, 1, -8, 2, 3, 2, 4),
(699, 1, 2, -8, 2, 3, 2, 4),
(700, 1, 3, -8, 2, 3, 2, 4),
(701, 1, 4, -8, 2, 3, 2, 4),
(702, 1, 5, -8, 2, 3, 2, 4),
(703, 1, 6, -8, 2, 3, 2, 4),
(704, 1, 7, -7, 2, 0, 2, 4),
(705, 1, 7, -6, 2, 0, 2, 4),
(706, 1, 7, -5, 2, 0, 2, 4),
(707, 1, 7, -4, 2, 0, 2, 4),
(708, 1, 7, -3, 2, 0, 2, 4),
(709, 1, 7, -2, 2, 0, 2, 4),
(710, 1, 7, -1, 2, 0, 2, 4),
(711, 1, 7, 0, 2, 0, 2, 4),
(712, 1, 7, 1, 2, 0, 2, 4),
(713, 1, 7, 2, 2, 0, 2, 4),
(714, 1, 7, 3, 2, 0, 2, 4),
(715, 1, 7, 4, 2, 0, 2, 4),
(716, 1, 7, 5, 2, 0, 2, 4),
(717, 1, 7, 6, 2, 0, 2, 4),
(718, 1, 6, 7, 2, 1, 2, 4),
(719, 1, 5, 6, 3, 1, 2, 4),
(720, 1, 4, 6, 3, 1, 2, 4),
(721, 1, 3, 6, 3, 1, 2, 4),
(722, 1, 2, 6, 3, 1, 2, 4),
(723, 1, 1, 6, 3, 1, 2, 4),
(724, 1, 0, 5, 3, 2, 2, 4),
(725, 1, 0, 4, 3, 2, 2, 4),
(726, 1, 0, 3, 3, 2, 2, 4),
(727, 1, 0, 2, 3, 2, 2, 4),
(728, 1, 0, 1, 3, 2, 2, 4),
(729, 1, 0, 0, 3, 2, 2, 4),
(730, 1, 0, -1, 3, 2, 2, 4),
(731, 1, 0, -2, 3, 2, 2, 4),
(732, 1, 0, -3, 3, 2, 2, 4),
(733, 1, 0, -4, 3, 2, 2, 4),
(734, 1, 0, -5, 3, 2, 2, 4),
(735, 1, 0, -6, 3, 2, 2, 4),
(736, 1, 1, -7, 3, 3, 2, 4),
(737, 1, 2, -7, 3, 3, 2, 4),
(738, 1, 3, -7, 3, 3, 2, 4),
(896, 1, 7, -8, 2, 3, 0, 5),
(740, 1, 4, -7, 3, 3, 2, 4),
(741, 1, 5, -7, 3, 3, 2, 4),
(742, 1, 6, -6, 3, 0, 2, 4),
(743, 1, 6, -5, 3, 0, 2, 4),
(744, 1, 6, -4, 3, 0, 2, 4),
(745, 1, 6, -3, 3, 0, 2, 4),
(746, 1, 6, -2, 3, 0, 2, 4),
(747, 1, 6, -1, 3, 0, 2, 4),
(748, 1, 6, 0, 3, 0, 2, 4),
(749, 1, 6, 1, 3, 0, 2, 4),
(750, 1, 6, 2, 3, 0, 2, 4),
(751, 1, 6, 3, 3, 0, 2, 4),
(752, 1, 6, 4, 3, 0, 2, 4),
(753, 1, 6, 5, 3, 0, 2, 4),
(754, 1, 4, 5, 4, 1, 2, 4),
(755, 1, 3, 5, 4, 1, 2, 4),
(756, 1, 2, 5, 4, 1, 2, 4),
(757, 1, 1, 4, 4, 2, 2, 4),
(758, 1, 1, 3, 4, 2, 2, 4),
(759, 1, 1, 2, 4, 2, 2, 4),
(760, 1, 1, 1, 4, 2, 2, 4),
(761, 1, 1, 0, 4, 2, 2, 4),
(762, 1, 1, -1, 4, 2, 2, 4),
(763, 1, 1, -2, 4, 2, 2, 4),
(764, 1, 1, -3, 4, 2, 2, 4),
(765, 1, 1, -4, 4, 2, 2, 4),
(766, 1, 1, -5, 4, 2, 2, 4),
(767, 1, 2, -6, 4, 3, 2, 4),
(768, 1, 3, -6, 4, 3, 2, 4),
(769, 1, 4, -6, 4, 3, 2, 4),
(770, 1, 5, -5, 4, 0, 2, 4),
(771, 1, 5, -4, 4, 0, 2, 4),
(772, 1, 5, -3, 4, 0, 2, 4),
(773, 1, 5, -2, 4, 0, 2, 4),
(774, 1, 5, -1, 4, 0, 2, 4),
(775, 1, 5, 0, 4, 0, 2, 4),
(776, 1, 5, 1, 4, 0, 2, 4),
(777, 1, 5, 2, 4, 0, 2, 4),
(778, 1, 5, 3, 4, 0, 2, 4),
(779, 1, 5, 4, 4, 0, 2, 4),
(780, 1, 3, -5, 5, 3, 2, 4),
(781, 1, 2, -4, 5, 2, 2, 4),
(782, 1, 2, -3, 5, 2, 2, 4),
(783, 1, 2, -2, 5, 2, 2, 4),
(784, 1, 2, -1, 5, 2, 2, 4),
(785, 1, 2, 0, 5, 2, 2, 4),
(786, 1, 2, 1, 5, 2, 2, 4),
(787, 1, 2, 2, 5, 2, 2, 4),
(788, 1, 2, 3, 5, 2, 2, 4),
(789, 1, 3, 4, 5, 1, 2, 4),
(790, 1, 4, 3, 5, 0, 2, 4),
(791, 1, 4, 2, 5, 0, 2, 4),
(792, 1, 4, 1, 5, 0, 2, 4),
(793, 1, 4, 0, 5, 0, 2, 4),
(794, 1, 4, -1, 5, 0, 2, 4),
(795, 1, 4, -2, 5, 0, 2, 4),
(796, 1, 4, -3, 5, 0, 2, 4),
(797, 1, 4, -4, 5, 0, 2, 4),
(798, 1, 3, -4, 6, 3, 0, 13),
(799, 1, 3, -3, 6, 3, 0, 13),
(800, 1, 3, -2, 6, 3, 0, 13),
(801, 1, 3, -1, 6, 3, 0, 13),
(802, 1, 3, 0, 6, 3, 0, 13),
(803, 1, 3, 1, 6, 3, 0, 13),
(804, 1, 3, 2, 6, 3, 0, 13),
(805, 1, 3, 3, 6, 3, 0, 13),
(806, 1, 3, 4, 5, 1, 0, 13),
(807, 1, 4, 4, 5, 1, 0, 13),
(808, 1, 4, 3, 5, 1, 0, 13),
(809, 1, 4, 2, 5, 1, 0, 13),
(810, 1, 4, 1, 5, 1, 0, 13),
(811, 1, 4, 0, 5, 1, 0, 13),
(812, 1, 4, -1, 5, 1, 0, 13),
(813, 1, 4, -2, 5, 1, 0, 13),
(814, 1, 4, -3, 5, 1, 0, 13),
(815, 1, 4, -4, 5, 1, 0, 13),
(816, 1, 4, -5, 5, 1, 0, 13),
(817, 1, 3, -5, 5, 1, 0, 13),
(818, 1, 2, -5, 5, 1, 0, 13),
(819, 1, 2, -4, 5, 1, 0, 13),
(820, 1, 2, -3, 5, 1, 0, 13),
(821, 1, 2, -2, 5, 1, 0, 13),
(822, 1, 2, -1, 5, 1, 0, 13),
(823, 1, 2, 0, 5, 1, 0, 13),
(824, 1, 2, 1, 5, 1, 0, 13),
(825, 1, 2, 2, 5, 1, 0, 13),
(826, 1, 2, 3, 5, 1, 0, 13),
(827, 1, 2, 4, 5, 1, 0, 13),
(828, 1, 2, 5, 4, 1, 0, 5),
(829, 1, 1, 5, 4, 1, 0, 5),
(830, 1, 1, 4, 4, 1, 0, 5),
(831, 1, 1, 3, 4, 1, 0, 5),
(832, 1, 1, 2, 4, 1, 0, 5),
(833, 1, 1, 1, 4, 1, 0, 5),
(834, 1, 1, 0, 4, 1, 0, 5),
(835, 1, 1, -1, 4, 1, 0, 5),
(836, 1, 1, -2, 4, 1, 0, 5),
(837, 1, 1, -3, 4, 1, 0, 5),
(838, 1, 1, -4, 4, 1, 0, 5),
(839, 1, 1, -5, 4, 1, 0, 5),
(840, 1, 1, -6, 4, 1, 0, 5),
(841, 1, 2, -6, 4, 1, 0, 5),
(842, 1, 3, -6, 4, 1, 0, 5),
(843, 1, 4, -6, 4, 1, 0, 5),
(844, 1, 5, -6, 4, 1, 0, 5),
(845, 1, 5, -5, 4, 1, 0, 5),
(846, 1, 5, -4, 4, 1, 0, 5),
(847, 1, 5, -3, 4, 1, 0, 5),
(848, 1, 5, -2, 4, 1, 0, 5),
(849, 1, 5, -1, 4, 1, 0, 5),
(850, 1, 5, 0, 4, 1, 0, 5),
(851, 1, 5, 1, 4, 1, 0, 5),
(852, 1, 5, 2, 4, 1, 0, 5),
(853, 1, 5, 3, 4, 1, 0, 5),
(854, 1, 5, 4, 4, 1, 0, 5),
(855, 1, 5, 5, 4, 1, 0, 5),
(856, 1, 4, 5, 4, 1, 0, 5),
(857, 1, 3, 5, 4, 1, 0, 5),
(858, 1, 6, -7, 3, 1, 0, 5),
(859, 1, 5, -7, 3, 1, 0, 5),
(860, 1, 4, -7, 3, 1, 0, 5),
(861, 1, 3, -7, 3, 1, 0, 5),
(862, 1, 2, -7, 3, 1, 0, 5),
(863, 1, 1, -7, 3, 1, 0, 5),
(864, 1, 0, -7, 3, 1, 0, 5),
(865, 1, 0, -6, 3, 1, 0, 5),
(866, 1, 0, -5, 3, 1, 0, 5),
(867, 1, 0, -4, 3, 1, 0, 5),
(868, 1, 0, -3, 3, 1, 0, 5),
(869, 1, 0, -2, 3, 1, 0, 5),
(870, 1, 0, -1, 3, 1, 0, 5),
(871, 1, 0, 0, 3, 1, 0, 5),
(872, 1, 0, 1, 3, 1, 0, 5),
(873, 1, 0, 2, 3, 1, 0, 5),
(874, 1, 0, 3, 3, 1, 0, 5),
(875, 1, 0, 4, 3, 1, 0, 5),
(876, 1, 0, 5, 3, 1, 0, 5),
(877, 1, 0, 6, 3, 1, 0, 5),
(878, 1, 1, 6, 3, 1, 0, 5),
(879, 1, 2, 6, 3, 1, 0, 5),
(880, 1, 3, 6, 3, 1, 0, 5),
(881, 1, 4, 6, 3, 1, 0, 5),
(882, 1, 5, 6, 3, 1, 0, 5),
(883, 1, 6, 6, 3, 1, 0, 5),
(884, 1, 6, 5, 3, 1, 0, 5),
(885, 1, 6, 4, 3, 1, 0, 5),
(886, 1, 6, 3, 3, 1, 0, 5),
(887, 1, 6, 2, 3, 1, 0, 5),
(888, 1, 6, 1, 3, 1, 0, 5),
(889, 1, 6, 0, 3, 1, 0, 5),
(890, 1, 6, -1, 3, 1, 0, 5),
(891, 1, 6, -2, 3, 1, 0, 5),
(892, 1, 6, -3, 3, 1, 0, 5),
(893, 1, 6, -4, 3, 1, 0, 5),
(894, 1, 6, -5, 3, 1, 0, 5),
(895, 1, 6, -6, 3, 1, 0, 5),
(897, 1, 6, -8, 2, 3, 0, 5),
(898, 1, 5, -8, 2, 3, 0, 5),
(899, 1, 4, -8, 2, 3, 0, 5),
(900, 1, 3, -8, 2, 3, 0, 5),
(901, 1, 2, -8, 2, 3, 0, 5),
(902, 1, 1, -8, 2, 3, 0, 5),
(903, 1, 0, -8, 2, 3, 0, 5),
(904, 1, -1, -8, 2, 3, 0, 5),
(905, 1, -1, -7, 2, 3, 0, 5),
(906, 1, -1, -6, 2, 3, 0, 5),
(907, 1, -1, -5, 2, 3, 0, 5),
(908, 1, -1, -4, 2, 3, 0, 5),
(909, 1, -1, -3, 2, 3, 0, 5),
(910, 1, -1, -2, 2, 3, 0, 5),
(911, 1, -1, -1, 2, 3, 0, 5),
(912, 1, -1, 0, 2, 3, 0, 5),
(913, 1, -1, 1, 2, 3, 0, 5),
(914, 1, -1, 2, 2, 3, 0, 5),
(915, 1, -1, 3, 2, 3, 0, 5),
(916, 1, -1, 4, 2, 3, 0, 5),
(917, 1, -1, 5, 2, 3, 0, 5),
(918, 1, -1, 6, 2, 3, 0, 5),
(919, 1, -1, 7, 2, 3, 0, 5),
(920, 1, 0, 7, 2, 3, 0, 5),
(921, 1, 1, 7, 2, 3, 0, 5),
(922, 1, 2, 7, 2, 3, 0, 5),
(923, 1, 3, 7, 2, 3, 0, 5),
(924, 1, 4, 7, 2, 3, 0, 5),
(925, 1, 5, 7, 2, 3, 0, 5),
(926, 1, 6, 7, 2, 3, 0, 5),
(927, 1, 7, 7, 2, 3, 0, 5),
(928, 1, 7, 6, 2, 3, 0, 5),
(929, 1, 7, 5, 2, 3, 0, 5),
(930, 1, 7, 4, 2, 3, 0, 5),
(931, 1, 7, 3, 2, 3, 0, 5),
(932, 1, 7, 2, 2, 3, 0, 5),
(933, 1, 7, 1, 2, 3, 0, 5),
(934, 1, 7, 0, 2, 3, 0, 5),
(935, 1, 7, -1, 2, 3, 0, 5),
(936, 1, 7, -2, 2, 3, 0, 5),
(937, 1, 7, -3, 2, 3, 0, 5),
(938, 1, 7, -4, 2, 3, 0, 5),
(939, 1, 7, -5, 2, 3, 0, 5),
(940, 1, 7, -6, 2, 3, 0, 5),
(941, 1, 7, -7, 2, 3, 0, 5),
(942, 1, -1, -9, 2, 1, 0, 5),
(943, 1, -1, -10, 2, 1, 0, 5),
(944, 1, -1, -11, 2, 1, 0, 5),
(945, 1, -1, -12, 2, 1, 0, 5),
(946, 1, -1, -13, 2, 1, 0, 5),
(947, 1, -1, -14, 2, 1, 0, 5),
(948, 1, -1, -15, 2, 1, 0, 5),
(949, 1, -1, -16, 2, 1, 0, 5),
(950, 1, -1, -17, 2, 1, 0, 5),
(951, 1, 0, -17, 2, 2, 0, 5),
(952, 1, 1, -17, 2, 2, 0, 5),
(953, 1, 2, -17, 2, 2, 0, 5),
(954, 1, 3, -17, 2, 2, 0, 5),
(955, 1, 4, -17, 2, 2, 0, 5),
(956, 1, 4, -16, 2, 3, 0, 5),
(957, 1, 4, -15, 2, 3, 0, 5),
(958, 1, 4, -14, 2, 3, 0, 5),
(959, 1, 4, -13, 2, 3, 0, 5),
(960, 1, 4, -12, 2, 3, 0, 5),
(961, 1, 4, -11, 2, 3, 0, 5),
(962, 1, 4, -10, 2, 3, 0, 5),
(963, 1, 4, -9, 2, 3, 0, 5),
(964, 1, 5, -11, 1, 0, 2, 4),
(965, 1, 5, -12, 1, 0, 2, 4),
(966, 1, 5, -13, 1, 0, 2, 4),
(967, 1, 5, -14, 1, 0, 2, 4),
(968, 1, 5, -15, 1, 0, 2, 4),
(969, 1, 5, -16, 1, 0, 2, 4),
(970, 1, 5, -17, 1, 0, 2, 4),
(971, 1, 4, -18, 1, 3, 2, 4),
(972, 1, 3, -18, 1, 3, 2, 4),
(973, 1, 2, -18, 1, 3, 2, 4),
(974, 1, 1, -18, 1, 3, 2, 4),
(975, 1, 0, -18, 1, 3, 2, 4),
(976, 1, -1, -18, 1, 3, 2, 4),
(977, 1, -2, -17, 1, 2, 2, 4),
(978, 1, -2, -16, 1, 2, 2, 4),
(979, 1, -2, -15, 1, 2, 2, 4),
(980, 1, -2, -14, 1, 2, 2, 4),
(981, 1, -2, -13, 1, 2, 2, 4),
(982, 1, -2, -12, 1, 2, 2, 4),
(983, 1, -2, -11, 1, 2, 2, 4),
(984, 1, -2, -10, 1, 2, 2, 4),
(985, 1, -2, -9, 1, 2, 2, 4),
(986, 1, -2, -9, 0, 2, 2, 4),
(987, 1, -2, -10, 0, 2, 2, 4),
(988, 1, -2, -11, 0, 2, 2, 4),
(989, 1, -2, -12, 0, 2, 2, 4),
(990, 1, -2, -13, 0, 2, 2, 4),
(991, 1, -2, -14, 0, 2, 2, 4),
(992, 1, -2, -15, 0, 2, 2, 4),
(993, 1, -2, -16, 0, 2, 2, 4),
(994, 1, -2, -17, 0, 2, 2, 4),
(995, 1, -1, -18, 0, 3, 2, 4),
(996, 1, 0, -18, 0, 3, 2, 4),
(1491, 1, 1, -17, 0, 0, 2, 4),
(1220, 1, 2, -17, 0, 2, 2, 4),
(999, 1, 3, -18, 0, 3, 2, 4),
(1000, 1, 4, -18, 0, 3, 2, 4),
(1001, 1, 5, -17, 0, 0, 2, 4),
(1002, 1, 5, -16, 0, 0, 2, 4),
(1003, 1, 5, -15, 0, 0, 2, 4),
(1004, 1, 5, -14, 0, 0, 2, 4),
(1005, 1, 5, -13, 0, 0, 2, 4),
(1006, 1, 5, -12, 0, 0, 2, 4),
(1007, 1, 5, -11, 0, 0, 2, 4),
(1015, 1, 1, 2, 1, 0, 2, 4),
(1016, 1, 1, 3, 1, 0, 2, 4),
(1017, 1, 1, 3, 1, 3, 2, 4),
(1022, 1, 2, 3, 2, 2, 2, 4),
(1023, 1, 2, 3, 2, 3, 2, 4),
(1024, 1, 2, 3, 2, 0, 2, 4),
(1025, 1, 2, 2, 2, 0, 2, 4),
(1026, 1, 2, 1, 2, 0, 2, 4),
(1027, 1, 2, 1, 2, 1, 2, 4),
(1028, 1, 2, 1, 2, 2, 2, 4),
(1029, 1, 2, 2, 2, 2, 2, 4),
(1040, 1, 5, -12, 0, 3, 0, 17),
(1031, 1, 2, 1, 2, 3, 1, 4),
(1032, 1, 2, 2, 2, 3, 1, 4),
(1033, 1, 2, 3, 2, 3, 1, 4),
(1034, 1, 1, 1, 1, 1, 1, 4),
(1035, 1, 1, 2, 1, 1, 1, 4),
(1036, 1, 1, 3, 1, 1, 1, 4),
(1044, 1, 6, -9, 0, 3, 0, 17),
(1045, 1, 6, -10, 0, 3, 0, 17),
(1046, 1, 6, -11, 0, 3, 0, 17),
(1047, 1, 6, -12, 0, 3, 0, 17),
(1048, 1, 6, -13, 0, 3, 0, 17),
(1049, 1, 6, -14, 0, 3, 0, 17),
(1050, 1, 6, -15, 0, 3, 0, 17),
(1051, 1, 7, -15, 0, 3, 0, 17),
(1052, 1, 7, -14, 0, 3, 0, 17),
(1053, 1, 7, -13, 0, 3, 0, 17),
(1054, 1, 7, -12, 0, 3, 0, 17),
(1055, 1, 7, -11, 0, 3, 0, 17),
(1056, 1, 7, -10, 0, 3, 0, 17),
(1057, 1, 7, -9, 0, 3, 0, 17),
(1058, 1, 8, -9, 0, 3, 0, 17),
(1059, 1, 8, -10, 0, 3, 0, 17),
(1060, 1, 8, -11, 0, 3, 0, 17),
(1061, 1, 8, -12, 0, 3, 0, 17),
(1062, 1, 8, -13, 0, 3, 0, 17),
(1063, 1, 8, -14, 0, 3, 0, 17),
(1064, 1, 8, -15, 0, 3, 0, 17),
(1065, 1, 8, -8, 0, 3, 0, 17),
(1066, 1, 8, -7, 0, 3, 0, 17),
(1067, 1, 8, -6, 0, 3, 0, 17),
(1068, 1, 8, -5, 0, 3, 0, 17),
(1069, 1, 8, -4, 0, 3, 0, 17),
(1070, 1, 8, -3, 0, 3, 0, 17),
(1071, 1, 8, -2, 0, 3, 0, 17),
(1072, 1, 8, -1, 0, 3, 0, 17),
(1073, 1, 8, 0, 0, 3, 0, 17),
(1074, 1, 8, 1, 0, 3, 0, 17),
(1075, 1, 8, 2, 0, 3, 0, 17),
(1076, 1, 8, 3, 0, 3, 0, 17),
(1077, 1, 8, 4, 0, 3, 0, 17),
(1078, 1, 8, 5, 0, 3, 0, 17),
(1079, 1, 8, 6, 0, 3, 0, 17),
(1080, 1, 8, 7, 0, 3, 0, 17),
(1081, 1, 8, 8, 0, 3, 0, 17),
(1082, 1, 7, 8, 0, 3, 0, 17),
(1083, 1, 6, 8, 0, 3, 0, 17),
(1084, 1, 5, 8, 0, 3, 0, 17),
(1085, 1, 4, 8, 0, 3, 0, 17),
(1086, 1, 3, 8, 0, 3, 0, 17),
(1087, 1, 2, 8, 0, 3, 0, 17),
(1088, 1, 1, 8, 0, 3, 0, 17),
(1089, 1, 0, 8, 0, 3, 0, 17),
(1090, 1, -1, 8, 0, 3, 0, 17),
(1091, 1, -2, 8, 0, 3, 0, 17),
(1092, 1, -3, 8, 0, 3, 0, 17),
(1093, 1, -4, 8, 0, 3, 0, 17),
(1094, 1, -2, 7, 0, 3, 0, 17),
(1095, 1, -2, 6, 0, 3, 0, 17),
(1096, 1, -2, 5, 0, 3, 0, 17),
(1097, 1, -2, 4, 0, 3, 0, 17),
(1098, 1, -2, 3, 0, 3, 0, 17),
(1099, 1, -2, 2, 0, 3, 0, 17),
(1100, 1, -2, 1, 0, 3, 0, 17),
(1101, 1, -2, 0, 0, 3, 0, 17),
(1102, 1, -2, -1, 0, 3, 0, 17),
(1103, 1, -2, -2, 0, 3, 0, 17),
(1104, 1, -2, -3, 0, 3, 0, 17),
(1105, 1, -2, -4, 0, 3, 0, 17),
(1106, 1, -2, -5, 0, 3, 0, 17),
(1107, 1, -2, -6, 0, 3, 0, 17),
(1108, 1, -2, -7, 0, 3, 0, 17),
(1109, 1, -2, -8, 0, 3, 0, 17),
(1110, 1, -2, -9, 0, 3, 0, 17),
(1111, 1, -2, -10, 0, 3, 0, 17),
(1112, 1, -2, -11, 0, 3, 0, 17),
(1113, 1, -2, -12, 0, 3, 0, 17),
(1114, 1, -2, -13, 0, 3, 0, 17),
(1115, 1, -2, -14, 0, 3, 0, 17),
(1116, 1, -2, -15, 0, 3, 0, 17),
(1117, 1, -2, -16, 0, 3, 0, 17),
(1118, 1, -2, -17, 0, 3, 0, 17),
(1119, 1, -2, -18, 0, 3, 0, 17),
(1120, 1, -1, -18, 0, 3, 0, 17),
(1121, 1, 0, -18, 0, 3, 0, 17),
(1122, 1, 1, -18, 0, 3, 0, 17),
(1123, 1, 2, -18, 0, 3, 0, 17),
(1124, 1, 3, -18, 0, 3, 0, 17),
(1125, 1, 4, -18, 0, 3, 0, 17),
(1126, 1, 5, -18, 0, 3, 0, 17),
(1127, 1, 5, -17, 0, 3, 0, 17),
(1128, 1, 5, -16, 0, 3, 0, 17),
(1129, 1, 6, -16, 0, 3, 0, 17),
(1130, 1, 6, -17, 0, 3, 0, 17),
(1131, 1, 6, -18, 0, 3, 0, 17),
(1132, 1, -3, -18, -1, 2, 2, 2),
(1133, 1, -3, -17, -1, 2, 2, 2),
(1134, 1, -3, -16, -1, 2, 2, 2),
(1135, 1, -3, -15, -1, 2, 2, 2),
(1136, 1, -3, -14, -1, 2, 2, 2),
(1137, 1, -3, -13, -1, 2, 2, 2),
(1138, 1, -3, -12, -1, 2, 2, 2),
(1139, 1, -3, -11, -1, 2, 2, 2),
(1140, 1, -3, -10, -1, 2, 2, 2),
(1141, 1, -3, -9, -1, 2, 2, 2),
(1142, 1, -3, -8, -1, 2, 2, 2),
(1143, 1, -3, -7, -1, 2, 2, 2),
(1144, 1, -3, -6, -1, 2, 2, 2),
(1145, 1, -3, -5, -1, 2, 2, 2),
(1146, 1, -3, -4, -1, 2, 2, 2),
(1147, 1, -3, -3, -1, 2, 2, 2),
(1148, 1, -3, -2, -1, 2, 2, 2),
(1149, 1, -3, -1, -1, 2, 2, 2),
(1150, 1, -3, 0, -1, 2, 2, 2),
(1151, 1, -3, 1, -1, 2, 2, 2),
(1152, 1, -3, 2, -1, 2, 2, 2),
(1153, 1, -3, 3, -1, 2, 2, 2),
(1154, 1, -3, 4, -1, 2, 2, 2),
(1155, 1, -3, 5, -1, 2, 2, 2),
(1156, 1, -3, 6, -1, 2, 2, 2),
(1157, 1, -3, 7, -1, 2, 2, 2),
(1195, 1, -3, 7, -1, 3, 2, 2),
(1159, 1, -2, 9, -1, 1, 2, 2),
(1160, 1, -1, 9, -1, 1, 2, 2),
(1161, 1, 0, 9, -1, 1, 2, 2),
(1162, 1, 1, 9, -1, 1, 2, 2),
(1163, 1, 2, 9, -1, 1, 2, 2),
(1164, 1, 3, 9, -1, 1, 2, 2),
(1165, 1, 4, 9, -1, 1, 2, 2),
(1166, 1, 5, 9, -1, 1, 2, 2),
(1167, 1, 6, 9, -1, 1, 2, 2),
(1168, 1, 7, 9, -1, 1, 2, 2),
(1169, 1, 8, 9, -1, 1, 2, 2),
(1200, 1, -2, -19, -1, 3, 2, 2),
(1171, 1, 9, 8, -1, 0, 2, 2),
(1172, 1, 9, 7, -1, 0, 2, 2),
(1173, 1, 9, 6, -1, 0, 2, 2),
(1174, 1, 9, 5, -1, 0, 2, 2),
(1175, 1, 9, 4, -1, 0, 2, 2),
(1176, 1, 9, 3, -1, 0, 2, 2),
(1177, 1, 9, 2, -1, 0, 2, 2),
(1178, 1, 9, 1, -1, 0, 2, 2),
(1179, 1, 9, 0, -1, 0, 2, 2),
(1180, 1, 9, -1, -1, 0, 2, 2),
(1181, 1, 9, -2, -1, 0, 2, 2),
(1182, 1, 9, -3, -1, 0, 2, 2),
(1183, 1, 9, -4, -1, 0, 2, 2),
(1184, 1, 9, -5, -1, 0, 2, 2),
(1185, 1, 9, -6, -1, 0, 2, 2),
(1186, 1, 9, -7, -1, 0, 2, 2),
(1187, 1, 9, -8, -1, 0, 2, 2),
(1188, 1, 9, -9, -1, 0, 2, 2),
(1189, 1, 9, -10, -1, 0, 2, 2),
(1190, 1, 9, -11, -1, 0, 2, 2),
(1191, 1, 9, -12, -1, 0, 2, 2),
(1192, 1, 9, -13, -1, 0, 2, 2),
(1193, 1, 9, -14, -1, 0, 2, 2),
(1194, 1, 9, -15, -1, 0, 2, 2),
(1196, 1, -4, 7, -1, 3, 2, 2),
(1197, 1, -5, 8, -1, 2, 2, 2),
(1198, 1, -4, 9, -1, 1, 2, 2),
(1199, 1, -3, 9, -1, 1, 2, 2),
(1201, 1, -1, -19, -1, 3, 2, 2),
(1202, 1, 0, -19, -1, 3, 2, 2),
(1203, 1, 1, -19, -1, 3, 2, 2),
(1204, 1, 2, -19, -1, 3, 2, 2),
(1205, 1, 3, -19, -1, 3, 2, 2),
(1206, 1, 4, -19, -1, 3, 2, 2),
(1207, 1, 5, -19, -1, 3, 2, 2),
(1208, 1, 6, -19, -1, 3, 2, 2),
(1209, 1, 7, -18, -1, 0, 2, 2),
(1210, 1, 7, -17, -1, 0, 2, 2),
(1211, 1, 7, -16, -1, 0, 2, 2),
(1212, 1, 7, -15, -1, 0, 2, 2),
(1213, 1, 7, -14, -1, 0, 2, 2),
(1214, 1, 7, -13, -1, 0, 2, 2),
(1215, 1, 7, -12, -1, 0, 2, 2),
(1216, 1, 7, -11, -1, 0, 2, 2),
(1217, 1, 8, -16, -1, 3, 2, 2),
(1218, 1, 7, -16, -1, 3, 2, 2),
(1224, 1, 2, -17, 0, 3, 0, 16),
(1222, 1, 2, -17, 0, 1, 1, 4),
(1225, 1, 6, -19, -1, 3, 0, 17),
(1226, 1, 7, -19, -1, 3, 0, 17),
(1227, 1, 7, -18, -1, 3, 0, 17),
(1228, 1, 7, -17, -1, 3, 0, 17),
(1229, 1, 7, -16, -1, 3, 0, 17),
(1230, 1, 8, -16, -1, 3, 0, 17),
(1231, 1, 9, -16, -1, 3, 0, 17),
(1232, 1, 9, -15, -1, 3, 0, 17),
(1233, 1, 9, -14, -1, 3, 0, 17),
(1234, 1, 9, -13, -1, 3, 0, 17),
(1235, 1, 9, -12, -1, 3, 0, 17),
(1236, 1, 9, -11, -1, 3, 0, 17),
(1237, 1, 9, -10, -1, 3, 0, 17),
(1238, 1, 9, -9, -1, 3, 0, 17),
(1239, 1, 9, -8, -1, 3, 0, 17),
(1240, 1, 9, -7, -1, 3, 0, 17),
(1241, 1, 9, -6, -1, 3, 0, 17),
(1242, 1, 9, -5, -1, 3, 0, 17),
(1243, 1, 9, -4, -1, 3, 0, 17),
(1244, 1, 9, -3, -1, 3, 0, 17),
(1245, 1, 9, -2, -1, 3, 0, 17),
(1246, 1, 9, -1, -1, 3, 0, 17),
(1247, 1, 9, 0, -1, 3, 0, 17),
(1248, 1, 9, 1, -1, 3, 0, 17),
(1249, 1, 9, 2, -1, 3, 0, 17),
(1250, 1, 9, 3, -1, 3, 0, 17),
(1251, 1, 9, 4, -1, 3, 0, 17),
(1252, 1, 9, 5, -1, 3, 0, 17),
(1253, 1, 9, 6, -1, 3, 0, 17),
(1254, 1, 9, 7, -1, 3, 0, 17),
(1255, 1, 9, 8, -1, 3, 0, 17),
(1256, 1, 9, 9, -1, 3, 0, 17),
(1257, 1, 8, 9, -1, 3, 0, 17),
(1258, 1, 7, 9, -1, 3, 0, 17),
(1259, 1, 6, 9, -1, 1, 0, 17),
(1260, 1, 5, 9, -1, 1, 0, 17),
(1261, 1, 4, 9, -1, 1, 0, 17),
(1262, 1, 3, 9, -1, 1, 0, 17),
(1263, 1, 2, 9, -1, 1, 0, 17),
(1264, 1, 1, 9, -1, 1, 0, 17),
(1265, 1, 0, 9, -1, 1, 0, 17),
(1266, 1, -1, 9, -1, 1, 0, 17),
(1267, 1, -2, 9, -1, 1, 0, 17),
(1268, 1, -3, 9, -1, 1, 0, 17),
(1269, 1, -4, 9, -1, 1, 0, 17),
(1270, 1, -5, 9, -1, 1, 0, 17),
(1271, 1, -5, 8, -1, 1, 0, 17),
(1272, 1, -5, 7, -1, 1, 0, 17),
(1273, 1, -4, 7, -1, 1, 0, 17),
(1274, 1, -3, 7, -1, 1, 0, 17),
(1275, 1, -3, 6, -1, 1, 0, 17),
(1276, 1, -3, 5, -1, 1, 0, 17),
(1277, 1, -3, 4, -1, 1, 0, 17),
(1278, 1, -3, 3, -1, 1, 0, 17),
(1279, 1, -3, 2, -1, 1, 0, 17),
(1280, 1, -3, 1, -1, 1, 0, 17),
(1281, 1, -3, 0, -1, 1, 0, 17),
(1282, 1, -3, -1, -1, 1, 0, 17),
(1283, 1, -3, -2, -1, 1, 0, 17),
(1284, 1, -3, -3, -1, 1, 0, 17),
(1285, 1, -3, -4, -1, 1, 0, 17),
(1286, 1, -3, -5, -1, 1, 0, 17),
(1287, 1, -3, -6, -1, 1, 0, 17),
(1288, 1, -3, -7, -1, 1, 0, 17),
(1289, 1, -3, -8, -1, 1, 0, 17),
(1290, 1, -3, -9, -1, 1, 0, 17),
(1291, 1, -3, -10, -1, 1, 0, 17),
(1292, 1, -3, -11, -1, 1, 0, 17),
(1293, 1, -3, -12, -1, 1, 0, 17),
(1294, 1, -3, -13, -1, 1, 0, 17),
(1295, 1, -3, -14, -1, 1, 0, 17),
(1296, 1, -3, -15, -1, 1, 0, 17),
(1297, 1, -3, -16, -1, 1, 0, 17),
(1298, 1, -3, -17, -1, 1, 0, 17),
(1299, 1, -3, -18, -1, 1, 0, 17),
(1300, 1, -3, -19, -1, 2, 0, 17),
(1301, 1, -2, -19, -1, 2, 0, 17),
(1302, 1, -1, -19, -1, 2, 0, 17),
(1303, 1, 0, -19, -1, 2, 0, 17),
(1304, 1, 1, -19, -1, 2, 0, 17),
(1305, 1, 2, -19, -1, 2, 0, 17),
(1306, 1, 3, -19, -1, 2, 0, 17),
(1307, 1, 4, -19, -1, 2, 0, 17),
(1308, 1, 5, -19, -1, 2, 0, 17),
(1309, 1, 5, -20, -2, 3, 0, 17),
(1310, 1, 6, -20, -2, 3, 0, 17),
(1311, 1, 7, -20, -2, 3, 0, 17),
(1312, 1, 8, -20, -2, 3, 0, 17),
(1313, 1, 8, -19, -2, 3, 0, 17),
(1314, 1, 8, -18, -2, 3, 0, 17),
(1315, 1, 8, -17, -2, 3, 0, 17),
(1316, 1, 9, -17, -2, 3, 0, 17),
(1317, 1, 10, -17, -2, 3, 0, 17),
(1318, 1, 10, -16, -2, 0, 0, 17),
(1319, 1, 10, -15, -2, 3, 0, 17),
(1320, 1, 10, -14, -2, 3, 0, 17),
(1321, 1, 10, -13, -2, 3, 0, 17),
(1322, 1, 10, -12, -2, 3, 0, 17),
(1323, 1, 10, -11, -2, 3, 0, 17),
(1324, 1, 10, -10, -2, 3, 0, 17),
(1325, 1, 10, -9, -2, 3, 0, 17),
(1326, 1, 10, -8, -2, 3, 0, 17),
(1327, 1, 10, -7, -2, 3, 0, 17),
(1328, 1, 10, -6, -2, 3, 0, 17),
(1329, 1, 10, -5, -2, 3, 0, 17),
(1330, 1, 10, -4, -2, 3, 0, 17),
(1331, 1, 10, -3, -2, 3, 0, 17),
(1332, 1, 10, -2, -2, 3, 0, 17),
(1333, 1, 10, -1, -2, 3, 0, 17),
(1334, 1, 10, 0, -2, 3, 0, 17),
(1335, 1, 10, 1, -2, 3, 0, 17),
(1336, 1, 10, 2, -2, 3, 0, 17),
(1337, 1, 10, 3, -2, 3, 0, 17),
(1338, 1, 10, 4, -2, 3, 0, 17),
(1339, 1, 10, 5, -2, 3, 0, 17),
(1340, 1, 10, 6, -2, 3, 0, 17),
(1341, 1, 10, 7, -2, 0, 0, 17),
(1342, 1, 10, 8, -2, 0, 0, 17),
(1343, 1, 10, 9, -2, 0, 0, 17),
(1344, 1, 10, 10, -2, 0, 0, 17),
(1345, 1, 9, 10, -2, 0, 0, 17),
(1346, 1, 8, 10, -2, 0, 0, 17),
(1347, 1, 7, 10, -2, 0, 0, 17),
(1348, 1, 6, 10, -2, 0, 0, 17),
(1349, 1, 5, 10, -2, 0, 0, 17),
(1350, 1, 4, 10, -2, 0, 0, 17),
(1351, 1, 3, 10, -2, 0, 0, 17),
(1352, 1, 2, 10, -2, 0, 0, 17),
(1353, 1, 1, 10, -2, 0, 0, 17),
(1354, 1, 0, 10, -2, 0, 0, 17),
(1355, 1, -1, 10, -2, 0, 0, 17),
(1356, 1, -2, 10, -2, 0, 0, 17),
(1357, 1, -3, 10, -2, 0, 0, 17),
(1358, 1, -4, 10, -2, 1, 0, 17),
(1359, 1, -5, 10, -2, 1, 0, 17),
(1360, 1, -6, 10, -2, 1, 0, 17),
(1361, 1, -6, 9, -2, 1, 0, 17),
(1362, 1, -6, 8, -2, 1, 0, 17),
(1363, 1, -6, 7, -2, 2, 0, 17),
(1364, 1, -6, 6, -2, 2, 0, 17),
(1365, 1, -5, 6, -2, 2, 0, 17),
(1366, 1, -4, 6, -2, 2, 0, 17),
(1367, 1, -4, 5, -2, 1, 0, 17),
(1368, 1, -4, 4, -2, 1, 0, 17),
(1369, 1, -4, 3, -2, 1, 0, 17),
(1370, 1, -4, 2, -2, 1, 0, 17),
(1371, 1, -4, 1, -2, 1, 0, 17),
(1372, 1, -4, 0, -2, 1, 0, 17),
(1373, 1, -4, -1, -2, 1, 0, 17),
(1374, 1, -4, -2, -2, 1, 0, 17),
(1375, 1, -4, -3, -2, 1, 0, 17),
(1376, 1, -4, -4, -2, 1, 0, 17),
(1377, 1, -4, -5, -2, 1, 0, 17),
(1378, 1, -4, -6, -2, 1, 0, 17),
(1379, 1, -4, -7, -2, 1, 0, 17),
(1380, 1, -4, -8, -2, 1, 0, 17),
(1381, 1, -4, -9, -2, 1, 0, 17),
(1382, 1, -4, -10, -2, 1, 0, 17),
(1383, 1, -4, -11, -2, 1, 0, 17),
(1384, 1, -4, -12, -2, 1, 0, 17),
(1385, 1, -4, -13, -2, 1, 0, 17),
(1386, 1, -4, -14, -2, 1, 0, 17),
(1387, 1, -4, -15, -2, 1, 0, 17),
(1388, 1, -4, -16, -2, 1, 0, 17),
(1389, 1, -4, -17, -2, 1, 0, 17),
(1390, 1, -4, -18, -2, 1, 0, 17),
(1391, 1, -4, -19, -2, 2, 0, 17),
(1392, 1, -4, -20, -2, 2, 0, 17),
(1393, 1, -3, -20, -2, 2, 0, 17),
(1394, 1, -2, -20, -2, 2, 0, 17),
(1395, 1, -1, -20, -2, 2, 0, 17),
(1396, 1, 0, -20, -2, 2, 0, 17),
(1397, 1, 1, -20, -2, 2, 0, 17),
(1398, 1, 2, -20, -2, 2, 0, 17),
(1399, 1, 3, -20, -2, 2, 0, 17),
(1400, 1, 4, -20, -2, 2, 0, 17),
(1401, 1, 4, -20, -2, 3, 2, 2),
(1402, 1, 5, -20, -2, 3, 2, 2),
(1403, 1, 6, -20, -2, 3, 2, 2),
(1404, 1, 7, -20, -2, 3, 2, 2),
(1405, 1, 8, -19, -2, 0, 2, 2),
(1406, 1, 8, -18, -2, 0, 2, 2),
(1407, 1, 8, -17, -2, 0, 2, 2),
(1408, 1, 8, -17, -2, 3, 2, 2),
(1409, 1, 9, -17, -2, 3, 2, 2),
(1410, 1, 10, -16, -2, 0, 2, 2),
(1411, 1, 10, -15, -2, 0, 2, 2),
(1412, 1, 10, -14, -2, 0, 2, 2),
(1413, 1, 10, -13, -2, 0, 2, 2),
(1414, 1, 10, -12, -2, 0, 2, 2),
(1415, 1, 10, -11, -2, 0, 2, 2),
(1416, 1, 10, -10, -2, 0, 2, 2),
(1417, 1, 10, -9, -2, 0, 2, 2),
(1418, 1, 10, -8, -2, 0, 2, 2),
(1419, 1, 10, -7, -2, 0, 2, 2),
(1420, 1, 10, -6, -2, 0, 2, 2),
(1421, 1, 10, -5, -2, 0, 2, 2),
(1422, 1, 10, -4, -2, 0, 2, 2),
(1423, 1, 10, -3, -2, 0, 2, 2),
(1424, 1, 10, -2, -2, 0, 2, 2),
(1425, 1, 10, -1, -2, 0, 2, 2),
(1426, 1, 10, 0, -2, 0, 2, 2),
(1427, 1, 10, 1, -2, 0, 2, 2),
(1428, 1, 10, 2, -2, 0, 2, 2),
(1429, 1, 10, 3, -2, 0, 2, 2),
(1430, 1, 10, 4, -2, 0, 2, 2),
(1431, 1, 10, 5, -2, 0, 2, 2),
(1432, 1, 10, 6, -2, 0, 2, 2),
(1433, 1, 10, 7, -2, 0, 2, 2),
(1434, 1, 10, 8, -2, 0, 2, 2),
(1435, 1, 10, 9, -2, 0, 2, 2),
(1436, 1, 9, 10, -2, 1, 2, 2),
(1437, 1, 8, 10, -2, 1, 2, 2),
(1438, 1, 7, 10, -2, 1, 2, 2),
(1439, 1, 6, 10, -2, 1, 2, 2),
(1440, 1, 5, 10, -2, 1, 2, 2),
(1441, 1, 4, 10, -2, 1, 2, 2),
(1442, 1, 3, 10, -2, 1, 2, 2),
(1443, 1, 2, 10, -2, 1, 2, 2),
(1444, 1, 1, 10, -2, 1, 2, 2),
(1445, 1, 0, 10, -2, 1, 2, 2),
(1446, 1, -1, 10, -2, 1, 2, 2),
(1447, 1, -2, 10, -2, 1, 2, 2),
(1448, 1, -3, 10, -2, 1, 2, 2),
(1449, 1, -4, 10, -2, 1, 2, 2),
(1450, 1, -5, 10, -2, 1, 2, 2),
(1451, 1, -6, 9, -2, 2, 2, 2),
(1452, 1, -6, 8, -2, 2, 2, 2),
(1453, 1, -6, 7, -2, 2, 2, 2),
(1454, 1, -5, 6, -2, 3, 2, 2),
(1455, 1, -4, 6, -2, 3, 2, 2),
(1456, 1, -4, 6, -2, 2, 2, 2),
(1457, 1, -4, 5, -2, 2, 2, 2),
(1458, 1, -4, 4, -2, 2, 2, 2),
(1459, 1, -4, 3, -2, 2, 2, 2),
(1460, 1, -4, 2, -2, 2, 2, 2),
(1461, 1, -4, 1, -2, 2, 2, 2),
(1462, 1, -4, 0, -2, 2, 2, 2),
(1463, 1, -4, -1, -2, 2, 2, 2),
(1464, 1, -4, -2, -2, 2, 2, 2),
(1465, 1, -4, -3, -2, 2, 2, 2),
(1466, 1, -4, -4, -2, 2, 2, 2),
(1467, 1, -4, -5, -2, 2, 2, 2),
(1468, 1, -4, -6, -2, 2, 2, 2),
(1469, 1, -4, -7, -2, 2, 2, 2),
(1470, 1, -4, -8, -2, 2, 2, 2),
(1471, 1, -4, -9, -2, 2, 2, 2),
(1472, 1, -4, -10, -2, 2, 2, 2),
(1473, 1, -4, -11, -2, 2, 2, 2),
(1474, 1, -4, -12, -2, 2, 2, 2),
(1475, 1, -4, -13, -2, 2, 2, 2),
(1476, 1, -4, -14, -2, 2, 2, 2),
(1477, 1, -4, -15, -2, 2, 2, 2),
(1478, 1, -4, -16, -2, 2, 2, 2),
(1479, 1, -4, -17, -2, 2, 2, 2),
(1480, 1, -4, -18, -2, 2, 2, 2),
(1481, 1, -4, -19, -2, 2, 2, 2),
(1482, 1, -3, -20, -2, 3, 2, 2),
(1483, 1, -2, -20, -2, 3, 2, 2),
(1484, 1, -1, -20, -2, 3, 2, 2),
(1485, 1, 0, -20, -2, 3, 2, 2),
(1486, 1, 1, -20, -2, 3, 2, 2),
(1487, 1, 2, -20, -2, 3, 2, 2),
(1488, 1, 3, -20, -2, 3, 2, 2),
(1492, 1, 1, -17, 0, 0, 0, 16),
(1493, 1, 1, -17, 0, 1, 1, 4);

-- --------------------------------------------------------

--
-- Struktura tabulky `weather_effects`
--

CREATE TABLE IF NOT EXISTS `weather_effects` (
  `weather_effect_id` int(11) NOT NULL AUTO_INCREMENT,
  `effect_type` varchar(100) NOT NULL,
  `map_id` smallint(6) NOT NULL,
  `steps_south` smallint(6) NOT NULL,
  `steps_east` smallint(6) NOT NULL,
  `steps_up` smallint(6) NOT NULL,
  `size_south` tinyint(4) NOT NULL,
  `size_east` tinyint(4) NOT NULL,
  `size_up` smallint(6) NOT NULL,
  `intensity` tinyint(4) NOT NULL,
  `visibility` tinyint(4) NOT NULL,
  PRIMARY KEY (`weather_effect_id`)
) ENGINE=MyISAM  DEFAULT CHARSET=ascii AUTO_INCREMENT=3 ;

--
-- Vypisuji data pro tabulku `weather_effects`
--

INSERT INTO `weather_effects` (`weather_effect_id`, `effect_type`, `map_id`, `steps_south`, `steps_east`, `steps_up`, `size_south`, `size_east`, `size_up`, `intensity`, `visibility`) VALUES
(1, 'Snow', 1, 0, -16, 0, 4, 8, 2, 20, 3),
(2, 'Rain', 1, 1, 1, 0, 2, 3, 2, 3, 5);

/*!40101 SET CHARACTER_SET_CLIENT=@OLD_CHARACTER_SET_CLIENT */;
/*!40101 SET CHARACTER_SET_RESULTS=@OLD_CHARACTER_SET_RESULTS */;
/*!40101 SET COLLATION_CONNECTION=@OLD_COLLATION_CONNECTION */;
